Age,"Asian/Asian British: Bangladeshi, Female 2021 (number)","Asian/Asian British: Bangladeshi, Male 2021 (number)","Asian/Asian British: Bangladeshi, Female 2021 (percentage)","Asian/Asian British: Bangladeshi, Male 2021 (percentage)","Asian/Asian British: Chinese, Female 2021 (number)","Asian/Asian British: Chinese, Male 2021 (number)","Asian/Asian British: Chinese, Female 2021 (percentage)","Asian/Asian British: Chinese, Male 2021 (percentage)","Asian/Asian British: Indian, Female 2021 (number)","Asian/Asian British: Indian, Male 2021 (number)","Asian/Asian British: Indian, Female 2021 (percentage)","Asian/Asian British: Indian, Male 2021 (percentage)","Asian/Asian British: Pakistani, Female 2021 (number)","Asian/Asian British: Pakistani, Male 2021 (number)","Asian/Asian British: Pakistani, Female 2021 (percentage)","Asian/Asian British: Pakistani, Male 2021 (percentage)","Asian/Asian British: Other Asian, Female 2021 (number)","Asian/Asian British: Other Asian, Male 2021 (number)","Asian/Asian British: Other Asian, Female 2021 (percentage)","Asian/Asian British: Other Asian, Male 2021 (percentage)","Black/African/Caribbean/Black British: African, Female 2021 (number)","Black/African/Caribbean/Black British: African, Male 2021 (number)","Black/African/Caribbean/Black British: African, Female 2021 (percentage)","Black/African/Caribbean/Black British: African, Male 2021 (percentage)","Black/African/Caribbean/Black British: Caribbean, Female 2021 (number)","Black/African/Caribbean/Black British: Caribbean, Male 2021 (number)","Black/African/Caribbean/Black British: Caribbean, Female 2021 (percentage)","Black/African/Caribbean/Black British: Caribbean, Male 2021 (percentage)","Black/African/Caribbean/Black British: Other Black, Female 2021 (number)","Black/African/Caribbean/Black British: Other Black, Male 2021 (number)","Black/African/Caribbean/Black British: Other Black, Female 2021 (percentage)","Black/African/Caribbean/Black British: Other Black, Male 2021 (percentage)","Mixed or Multiple ethnic groups: White and Asian, Female 2021 (number)","Mixed or Multiple ethnic groups: White and Asian, Male 2021 (number)","Mixed or Multiple ethnic groups: White and Asian, Female 2021 (percentage)","Mixed or Multiple ethnic groups: White and Asian, Male 2021 (percentage)","Mixed or Multiple ethnic groups: White and Black African, Female 2021 (number)","Mixed or Multiple ethnic groups: White and Black African, Male 2021 (number)","Mixed or Multiple ethnic groups: White and Black African, Female 2021 (percentage)","Mixed or Multiple ethnic groups: White and Black African, Male 2021 (percentage)","Mixed or Multiple ethnic groups: White and Black Caribbean, Female 2021 (number)","Mixed or Multiple ethnic groups: White and Black Caribbean, Male 2021 (number)","Mixed or Multiple ethnic groups: White and Black Caribbean, Female 2021 (percentage)","Mixed or Multiple ethnic groups: White and Black Caribbean, Male 2021 (percentage)","Mixed or Multiple ethnic groups: Other Mixed, Female 2021 (number)","Mixed or Multiple ethnic groups: Other Mixed, Male 2021 (number)","Mixed or Multiple ethnic groups: Other Mixed, Female 2021 (percentage)","Mixed or Multiple ethnic groups: Other Mixed, Male 2021 (percentage)","White: English/Welsh/Scottish/Northern Irish/British, Female 2021 (number)","White: English/Welsh/Scottish/Northern Irish/British, Male 2021 (number)","White: English/Welsh/Scottish/Northern Irish/British, Female 2021 (percentage)","White: English/Welsh/Scottish/Northern Irish/British, Male 2021 (percentage)","White: Irish, Female 2021 (number)","White: Irish, Male 2021 (number)","White: Irish, Female 2021 (percentage)","White: Irish, Male 2021 (percentage)","White: Gypsy or Irish Traveller, Female 2021 (number)","White: Gypsy or Irish Traveller, Male 2021 (number)","White: Gypsy or Irish Traveller, Female 2021 (percentage)","White: Gypsy or Irish Traveller, Male 2021 (percentage)","White: Roma, Female 2021 (number)","White: Roma, Male 2021 (number)","White: Roma, Female 2021 (percentage)","White: Roma, Male 2021 (percentage)","White: Other White, Female 2021 (number)","White: Other White, Male 2021 (number)","White: Other White, Female 2021 (percentage)","White: Other White, Male 2021 (percentage)","Other ethnic group: Arab, Female 2021 (number)","Other ethnic group: Arab, Male 2021 (number)","Other ethnic group: Arab, Female 2021 (percentage)","Other ethnic group: Arab, Male 2021 (percentage)","Other ethnic group: Any other ethnic group, Female 2021 (number)","Other ethnic group: Any other ethnic group, Male 2021 (number)","Other ethnic group: Any other ethnic group, Female 2021 (percentage)","Other ethnic group: Any other ethnic group, Male 2021 (percentage)","Asian/Asian British: Bangladeshi, Female 2011 (number)","Asian/Asian British: Bangladeshi, Male 2011 (number)","Asian/Asian British: Bangladeshi, Female 2011 (percentage)","Asian/Asian British: Bangladeshi, Male 2011 (percentage)","Asian/Asian British: Chinese, Female 2011 (number)","Asian/Asian British: Chinese, Male 2011 (number)","Asian/Asian British: Chinese, Female 2011 (percentage)","Asian/Asian British: Chinese, Male 2011 (percentage)","Asian/Asian British: Indian, Female 2011 (number)","Asian/Asian British: Indian, Male 2011 (number)","Asian/Asian British: Indian, Female 2011 (percentage)","Asian/Asian British: Indian, Male 2011 (percentage)","Asian/Asian British: Pakistani, Female 2011 (number)","Asian/Asian British: Pakistani, Male 2011 (number)","Asian/Asian British: Pakistani, Female 2011 (percentage)","Asian/Asian British: Pakistani, Male 2011 (percentage)","Asian/Asian British: Other Asian, Female 2011 (number)","Asian/Asian British: Other Asian, Male 2011 (number)","Asian/Asian British: Other Asian, Female 2011 (percentage)","Asian/Asian British: Other Asian, Male 2011 (percentage)","Black/African/Caribbean/Black British: African, Female 2011 (number)","Black/African/Caribbean/Black British: African, Male 2011 (number)","Black/African/Caribbean/Black British: African, Female 2011 (percentage)","Black/African/Caribbean/Black British: African, Male 2011 (percentage)","Black/African/Caribbean/Black British: Caribbean, Female 2011 (number)","Black/African/Caribbean/Black British: Caribbean, Male 2011 (number)","Black/African/Caribbean/Black British: Caribbean, Female 2011 (percentage)","Black/African/Caribbean/Black British: Caribbean, Male 2011 (percentage)","Black/African/Caribbean/Black British: Other Black, Female 2011 (number)","Black/African/Caribbean/Black British: Other Black, Male 2011 (number)","Black/African/Caribbean/Black British: Other Black, Female 2011 (percentage)","Black/African/Caribbean/Black British: Other Black, Male 2011 (percentage)","Mixed or Multiple ethnic groups: White and Asian, Female 2011 (number)","Mixed or Multiple ethnic groups: White and Asian, Male 2011 (number)","Mixed or Multiple ethnic groups: White and Asian, Female 2011 (percentage)","Mixed or Multiple ethnic groups: White and Asian, Male 2011 (percentage)","Mixed or Multiple ethnic groups: White and Black African, Female 2011 (number)","Mixed or Multiple ethnic groups: White and Black African, Male 2011 (number)","Mixed or Multiple ethnic groups: White and Black African, Female 2011 (percentage)","Mixed or Multiple ethnic groups: White and Black African, Male 2011 (percentage)","Mixed or Multiple ethnic groups: White and Black Caribbean, Female 2011 (number)","Mixed or Multiple ethnic groups: White and Black Caribbean, Male 2011 (number)","Mixed or Multiple ethnic groups: White and Black Caribbean, Female 2011 (percentage)","Mixed or Multiple ethnic groups: White and Black Caribbean, Male 2011 (percentage)","Mixed or Multiple ethnic groups: Other Mixed, Female 2011 (number)","Mixed or Multiple ethnic groups: Other Mixed, Male 2011 (number)","Mixed or Multiple ethnic groups: Other Mixed, Female 2011 (percentage)","Mixed or Multiple ethnic groups: Other Mixed, Male 2011 (percentage)","White: English/Welsh/Scottish/Northern Irish/British, Female 2011 (number)","White: English/Welsh/Scottish/Northern Irish/British, Male 2011 (number)","White: English/Welsh/Scottish/Northern Irish/British, Female 2011 (percentage)","White: English/Welsh/Scottish/Northern Irish/British, Male 2011 (percentage)","White: Irish, Female 2011 (number)","White: Irish, Male 2011 (number)","White: Irish, Female 2011 (percentage)","White: Irish, Male 2011 (percentage)","White: Gypsy or Irish Traveller, Female 2011 (number)","White: Gypsy or Irish Traveller, Male 2011 (number)","White: Gypsy or Irish Traveller, Female 2011 (percentage)","White: Gypsy or Irish Traveller, Male 2011 (percentage)","White: Other White, Female 2011 (number)","White: Other White, Male 2011 (number)","White: Other White, Female 2011 (percentage)","White: Other White, Male 2011 (percentage)","Other ethnic group: Arab, Female 2011 (number)","Other ethnic group: Arab, Male 2011 (number)","Other ethnic group: Arab, Female 2011 (percentage)","Other ethnic group: Arab, Male 2011 (percentage)","Other ethnic group: Any other ethnic group, Female 2011 (number)","Other ethnic group: Any other ethnic group, Male 2011 (number)","Other ethnic group: Any other ethnic group, Female 2011 (percentage)","Other ethnic group: Any other ethnic group, Male 2011 (percentage)"
0,5170,5325,0.8,0.83,1105,1235,0.25,0.28,10275,10480,0.55,0.56,13335,13520,0.84,0.85,5140,5725,0.53,0.59,9180,9345,0.62,0.63,1825,1945,0.29,0.31,3255,3445,1.09,1.16,7530,7710,1.54,1.58,3725,3825,1.49,1.53,6315,6710,1.23,1.31,6530,6805,1.4,1.46,197775,207545,0.45,0.47,825,790,0.16,0.16,560,670,0.83,0.99,605,695,0.6,0.69,16225,17165,0.44,0.47,2440,2445,0.74,0.74,4875,5255,0.53,0.57,4889,4997,1.09,1.12,1917,2212,0.49,0.56,9798,10064,0.69,0.71,12238,12474,1.09,1.11,6302,6811,0.75,0.81,10553,10814,1.07,1.09,2699,2724,0.45,0.46,3531,3739,1.26,1.33,7082,7332,2.07,2.15,3785,3807,2.28,2.29,6593,6866,1.55,1.61,5197,5457,1.79,1.88,248259,261559,0.55,0.58,849,999,0.16,0.19,545,612,0.94,1.06,17837,18827,0.72,0.76,2381,2776,1.03,1.2,2511,2493,0.75,0.75
1,5660,5720,0.88,0.89,1500,1680,0.34,0.38,10680,10865,0.57,0.58,14210,14615,0.89,0.92,5380,6010,0.55,0.62,10045,10100,0.67,0.68,2135,2315,0.34,0.37,3530,3500,1.19,1.18,7465,8115,1.53,1.66,3970,4015,1.59,1.61,6835,7105,1.33,1.38,6520,6620,1.4,1.42,204540,216135,0.46,0.49,795,780,0.16,0.15,650,690,0.96,1.02,635,705,0.63,0.7,17775,18095,0.48,0.49,2750,2735,0.83,0.82,5275,5605,0.57,0.61,4888,5006,1.09,1.12,1912,2010,0.49,0.51,9832,10142,0.7,0.72,12728,13255,1.13,1.18,6450,6923,0.77,0.83,10546,10801,1.07,1.09,2869,2858,0.48,0.48,3860,3900,1.38,1.39,6865,7145,2.01,2.09,3765,3654,2.27,2.2,6801,6852,1.59,1.61,5201,5456,1.79,1.88,244689,257292,0.54,0.57,855,964,0.16,0.18,587,643,1.02,1.11,17173,17966,0.69,0.72,2652,2668,1.15,1.16,2344,2603,0.7,0.78
2,5680,5825,0.88,0.9,1570,1690,0.35,0.38,10985,11285,0.59,0.61,14215,14325,0.9,0.9,5555,5785,0.57,0.59,10345,10515,0.7,0.71,2355,2160,0.38,0.35,3410,3600,1.15,1.21,7645,8240,1.57,1.69,3930,4155,1.57,1.66,6645,7190,1.3,1.4,6410,6580,1.37,1.41,209995,223125,0.47,0.5,805,740,0.16,0.15,660,645,0.97,0.95,580,640,0.57,0.63,17575,18465,0.48,0.5,2860,2825,0.86,0.85,5465,5720,0.59,0.62,5076,5020,1.14,1.12,1902,1886,0.48,0.48,9658,10232,0.68,0.72,13117,13563,1.17,1.21,6577,6811,0.79,0.81,10979,11099,1.11,1.12,2804,3045,0.47,0.51,3871,3976,1.38,1.42,6347,6777,1.86,1.98,3723,3926,2.24,2.37,6614,6797,1.55,1.59,5075,4926,1.75,1.7,243519,254764,0.54,0.56,912,905,0.17,0.17,609,560,1.06,0.97,16161,17529,0.65,0.71,2496,2654,1.08,1.15,2477,2390,0.74,0.72
3,5595,5650,0.87,0.88,1660,1735,0.37,0.39,11365,11825,0.61,0.63,13995,14015,0.88,0.88,5760,6045,0.59,0.62,10590,10615,0.71,0.71,2385,2215,0.38,0.36,3485,3405,1.17,1.14,7680,8120,1.57,1.66,3965,3990,1.59,1.6,6605,6900,1.29,1.34,6180,6365,1.32,1.36,215335,227080,0.49,0.51,665,715,0.13,0.14,620,710,0.92,1.05,610,615,0.6,0.61,17180,18265,0.47,0.5,2775,2800,0.84,0.84,5410,5825,0.59,0.63,5229,5424,1.17,1.21,1772,1843,0.45,0.47,9814,10349,0.69,0.73,12936,13576,1.15,1.21,6779,6982,0.81,0.84,10886,11452,1.1,1.16,3029,3077,0.51,0.52,3828,4279,1.37,1.53,6440,6492,1.88,1.9,3427,3624,2.06,2.18,6541,6740,1.53,1.58,4745,4943,1.64,1.7,243809,257490,0.54,0.57,876,925,0.16,0.17,676,612,1.17,1.06,14895,15859,0.6,0.64,2543,2690,1.1,1.17,2391,2426,0.72,0.73
4,6005,6145,0.93,0.95,2020,2180,0.45,0.49,11690,12390,0.63,0.66,14475,15470,0.91,0.97,6195,6435,0.64,0.66,11005,11335,0.74,0.76,2215,2415,0.36,0.39,3710,3870,1.25,1.3,8005,8090,1.64,1.66,3915,4065,1.57,1.63,6705,6890,1.31,1.34,6245,6425,1.34,1.38,221560,233175,0.5,0.53,720,745,0.14,0.15,630,690,0.93,1.02,560,590,0.56,0.58,17545,18205,0.48,0.5,2780,3085,0.84,0.93,5765,6045,0.62,0.65,5200,5284,1.16,1.18,1569,1627,0.4,0.41,9372,9959,0.66,0.7,12678,12997,1.13,1.16,6280,6847,0.75,0.82,10786,10851,1.09,1.1,3154,3249,0.53,0.55,3807,3783,1.36,1.35,5927,6425,1.73,1.88,3140,3494,1.89,2.11,6329,6344,1.48,1.49,4552,4590,1.57,1.58,241526,253819,0.54,0.56,852,891,0.16,0.17,571,657,0.99,1.14,13109,13538,0.53,0.54,2393,2650,1.04,1.15,2245,2395,0.67,0.72
5,5825,6045,0.9,0.94,2005,2120,0.45,0.48,12060,12765,0.65,0.68,14290,14865,0.9,0.94,6090,6460,0.63,0.66,11645,11530,0.78,0.77,2295,2505,0.37,0.4,3625,3955,1.22,1.33,7745,8185,1.59,1.68,3995,4060,1.6,1.63,6615,6965,1.29,1.36,6115,6160,1.31,1.32,227290,239700,0.51,0.54,690,765,0.14,0.15,715,740,1.06,1.09,550,540,0.55,0.54,17515,18315,0.48,0.5,2950,3120,0.89,0.94,5990,6325,0.65,0.68,5123,5317,1.15,1.19,1448,1439,0.37,0.37,8872,9365,0.63,0.66,12959,13216,1.15,1.18,6212,6665,0.74,0.8,10825,10687,1.09,1.08,3049,3192,0.51,0.54,3778,3689,1.35,1.32,5477,5925,1.6,1.73,2996,2929,1.81,1.76,6099,6044,1.43,1.42,3985,4185,1.37,1.44,237160,248694,0.53,0.55,880,897,0.17,0.17,586,613,1.02,1.06,11846,12458,0.48,0.5,2376,2674,1.03,1.16,2253,2407,0.68,0.72
6,5700,5740,0.88,0.89,2265,2360,0.51,0.53,11950,12670,0.64,0.68,14810,14985,0.93,0.94,6205,6640,0.64,0.68,11135,11970,0.75,0.8,2225,2240,0.36,0.36,3655,4010,1.23,1.35,7730,7900,1.58,1.62,3850,4025,1.54,1.61,6380,6625,1.24,1.29,5700,6135,1.22,1.31,225115,236245,0.51,0.53,655,710,0.13,0.14,605,620,0.89,0.92,540,470,0.54,0.47,16870,17770,0.46,0.48,3030,3000,0.91,0.9,5835,6280,0.63,0.68,5026,5159,1.12,1.15,1433,1310,0.36,0.33,8267,8699,0.59,0.62,11994,12354,1.07,1.1,5953,6259,0.71,0.75,9415,9666,0.95,0.98,2984,3155,0.5,0.53,3494,3583,1.25,1.28,5159,5176,1.51,1.51,2511,2599,1.51,1.57,5581,5672,1.31,1.33,3656,3930,1.26,1.36,227839,239629,0.5,0.53,823,832,0.15,0.16,544,556,0.94,0.96,10742,11055,0.43,0.44,2198,2324,0.95,1.01,1970,2068,0.59,0.62
7,5870,6090,0.91,0.94,2010,2115,0.45,0.47,12090,12550,0.65,0.67,14835,15615,0.93,0.98,6310,6645,0.65,0.68,11940,11995,0.8,0.81,2325,2515,0.37,0.4,3850,4050,1.29,1.36,7360,7690,1.51,1.58,3725,4000,1.49,1.6,6465,6585,1.26,1.28,5525,5750,1.18,1.23,229060,240490,0.52,0.54,665,685,0.13,0.13,605,645,0.89,0.95,475,480,0.47,0.48,16615,17390,0.45,0.47,2880,2995,0.87,0.9,5995,6340,0.65,0.69,5134,5160,1.15,1.15,1310,1180,0.33,0.3,7729,8248,0.55,0.58,11504,11839,1.02,1.05,5745,5987,0.69,0.72,9071,8863,0.92,0.9,3047,3337,0.51,0.56,3211,3470,1.14,1.24,4792,4916,1.4,1.44,2364,2392,1.42,1.44,5351,5525,1.25,1.29,3393,3604,1.17,1.24,227706,239795,0.5,0.53,868,923,0.16,0.17,550,511,0.95,0.89,10389,10905,0.42,0.44,2050,2155,0.89,0.93,1973,2107,0.59,0.63
8,6040,6135,0.94,0.95,2455,2625,0.55,0.59,12175,12595,0.65,0.68,15135,15845,0.95,1,6655,7005,0.68,0.72,12555,12645,0.84,0.85,2640,2660,0.42,0.43,3855,4265,1.29,1.43,7675,8025,1.57,1.64,3880,4005,1.55,1.6,6660,6970,1.3,1.36,5760,5970,1.23,1.28,238785,252330,0.54,0.57,740,775,0.15,0.15,640,675,0.95,1,510,575,0.51,0.57,16880,17520,0.46,0.48,2925,3150,0.88,0.95,6075,6520,0.66,0.71,4902,5140,1.1,1.15,1256,1191,0.32,0.3,7536,7861,0.53,0.56,11315,11945,1.01,1.06,5362,5464,0.64,0.65,8243,8294,0.83,0.84,3054,3248,0.51,0.55,3127,3320,1.12,1.18,4324,4618,1.27,1.35,1961,2217,1.18,1.34,5134,5253,1.2,1.23,2992,3208,1.03,1.11,220057,233156,0.49,0.52,941,939,0.18,0.18,511,568,0.89,0.98,9642,10013,0.39,0.4,1985,1875,0.86,0.81,1909,1831,0.57,0.55
9,6125,6255,0.95,0.97,2215,2380,0.5,0.53,12250,12855,0.66,0.69,15200,15150,0.96,0.95,6815,7125,0.7,0.73,12665,12950,0.85,0.87,2690,2760,0.43,0.44,4120,4120,1.38,1.38,7355,7665,1.51,1.57,3835,4025,1.54,1.61,6750,7085,1.32,1.38,5550,5730,1.19,1.23,243740,255830,0.55,0.58,760,790,0.15,0.16,585,660,0.86,0.97,595,495,0.59,0.49,17140,18030,0.47,0.49,3085,3355,0.93,1.01,6055,6475,0.66,0.7,4915,4914,1.1,1.1,1193,1166,0.3,0.3,7169,7683,0.51,0.54,11301,11764,1,1.05,4958,5310,0.59,0.64,7851,8187,0.79,0.83,3066,3096,0.52,0.52,3117,3246,1.11,1.16,4016,4044,1.18,1.18,1956,2035,1.18,1.23,5129,5317,1.2,1.25,2911,3220,1,1.11,222711,234223,0.49,0.52,901,941,0.17,0.18,489,541,0.85,0.94,9460,9841,0.38,0.4,1751,1893,0.76,0.82,1952,2013,0.59,0.6
10,6085,6165,0.94,0.96,2180,2370,0.49,0.53,11700,12395,0.63,0.66,14905,15490,0.94,0.98,6655,7095,0.68,0.73,13285,13515,0.89,0.91,2735,2950,0.44,0.47,4150,4345,1.39,1.46,7190,7445,1.47,1.52,3905,3895,1.56,1.56,6600,6840,1.29,1.33,5205,5660,1.11,1.21,242525,257030,0.55,0.58,765,890,0.15,0.18,630,620,0.93,0.92,585,550,0.58,0.55,17510,18580,0.48,0.51,3075,3290,0.93,0.99,6170,6595,0.67,0.71,4588,4644,1.03,1.04,1360,1380,0.35,0.35,7320,7770,0.52,0.55,10531,10906,0.94,0.97,5195,5339,0.62,0.64,8155,8235,0.82,0.83,3212,3277,0.54,0.55,2866,2999,1.02,1.07,4038,4133,1.18,1.21,1847,1904,1.11,1.15,5015,5311,1.18,1.24,2938,3120,1.01,1.08,231716,242769,0.51,0.54,936,1040,0.18,0.2,530,556,0.92,0.96,9666,9898,0.39,0.4,1520,1849,0.66,0.8,1916,1969,0.58,0.59
11,6315,6245,0.98,0.97,2210,2265,0.5,0.51,11485,11895,0.62,0.64,15160,15890,0.95,1,6780,7160,0.7,0.74,13395,13600,0.9,0.91,2960,2980,0.48,0.48,4375,4370,1.47,1.47,6940,7025,1.42,1.44,3780,3695,1.51,1.48,6425,6585,1.25,1.28,5405,5545,1.16,1.19,239460,252675,0.54,0.57,795,895,0.16,0.18,625,700,0.92,1.03,570,580,0.56,0.57,17725,18760,0.48,0.51,2960,3365,0.89,1.01,6235,6650,0.67,0.72,4323,4622,0.97,1.03,1277,1303,0.32,0.33,7364,7763,0.52,0.55,10278,10867,0.91,0.97,5134,5729,0.61,0.69,7968,8252,0.81,0.83,3287,3497,0.55,0.59,2959,2892,1.06,1.03,3922,4116,1.15,1.2,1808,1832,1.09,1.1,5315,5380,1.25,1.26,2973,3018,1.03,1.04,241027,253912,0.53,0.56,998,986,0.19,0.19,542,527,0.94,0.91,9264,9813,0.37,0.39,1578,1720,0.68,0.75,1866,2047,0.56,0.61
12,6165,6285,0.96,0.97,2250,2240,0.5,0.5,11270,11895,0.6,0.64,15580,15960,0.98,1.01,7010,7345,0.72,0.76,13975,14025,0.94,0.94,2985,3150,0.48,0.51,4390,4250,1.47,1.43,6450,6975,1.32,1.43,3635,3875,1.46,1.55,6420,6515,1.25,1.27,5170,5250,1.11,1.12,238485,251080,0.54,0.57,890,965,0.18,0.19,625,640,0.92,0.95,515,625,0.51,0.62,17620,18730,0.48,0.51,2990,3315,0.9,1,6085,6400,0.66,0.69,4369,4652,0.98,1.04,1360,1419,0.35,0.36,7174,7753,0.51,0.55,9997,10503,0.89,0.93,5150,5437,0.62,0.65,8033,8018,0.81,0.81,3394,3521,0.57,0.59,2840,2849,1.01,1.02,3711,3950,1.09,1.16,1848,1790,1.11,1.08,5621,5647,1.32,1.32,2747,3011,0.95,1.04,249073,261761,0.55,0.58,1030,1024,0.19,0.19,548,660,0.95,1.14,9209,9486,0.37,0.38,1503,1652,0.65,0.72,1920,1925,0.58,0.58
13,6145,6800,0.95,1.05,2120,2325,0.48,0.52,11120,11755,0.6,0.63,14975,15825,0.94,1,7060,7440,0.73,0.76,13820,13870,0.93,0.93,3190,3085,0.51,0.5,4200,4390,1.41,1.47,6455,6695,1.32,1.37,3555,3590,1.42,1.44,6130,6500,1.19,1.27,5160,5230,1.1,1.12,238675,252490,0.54,0.57,915,995,0.18,0.2,690,650,1.02,0.96,540,590,0.54,0.58,16675,17365,0.45,0.47,3000,3150,0.9,0.95,5950,6275,0.64,0.68,4427,4687,0.99,1.05,1530,1582,0.39,0.4,7203,7697,0.51,0.54,9470,10100,0.84,0.9,5212,5706,0.62,0.68,8176,8307,0.83,0.84,3722,3680,0.63,0.62,2914,2907,1.04,1.04,3719,3978,1.09,1.16,1767,1800,1.06,1.08,5500,5823,1.29,1.36,2914,2958,1,1.02,254330,266718,0.56,0.59,960,1068,0.18,0.2,586,589,1.02,1.02,9014,9331,0.36,0.38,1385,1613,0.6,0.7,1878,1973,0.56,0.59
14,6130,6355,0.95,0.99,2050,2150,0.46,0.48,10530,11160,0.56,0.6,14715,15215,0.93,0.96,6640,7050,0.68,0.72,13510,13690,0.91,0.92,3165,3255,0.51,0.52,4140,4245,1.39,1.43,5970,6465,1.22,1.32,3120,3395,1.25,1.36,6070,6150,1.18,1.2,4645,4875,0.99,1.04,233985,246555,0.53,0.56,955,980,0.19,0.19,605,620,0.89,0.92,505,495,0.5,0.49,15515,16030,0.42,0.44,2740,2975,0.83,0.9,5800,6075,0.63,0.66,4286,4416,0.96,0.99,1785,1779,0.45,0.45,7440,7759,0.53,0.55,9271,9708,0.82,0.86,5332,5793,0.64,0.69,8218,8264,0.83,0.84,3741,3740,0.63,0.63,2751,2975,0.98,1.06,3538,3792,1.04,1.11,1742,1753,1.05,1.06,5848,5865,1.37,1.37,2670,2728,0.92,0.94,260515,274197,0.58,0.61,995,1063,0.19,0.2,605,559,1.05,0.97,8850,9119,0.36,0.37,1461,1531,0.63,0.66,1972,2200,0.59,0.66
15,6020,6460,0.93,1,2015,1970,0.45,0.44,9890,10730,0.53,0.58,14200,15320,0.89,0.96,6345,7010,0.65,0.72,13455,13310,0.9,0.89,3145,3325,0.5,0.53,3605,4005,1.21,1.35,5590,5900,1.15,1.21,2930,2970,1.17,1.19,5720,5875,1.11,1.15,4310,4535,0.92,0.97,227920,240605,0.51,0.54,990,1050,0.2,0.21,605,605,0.89,0.89,420,485,0.42,0.48,14810,15095,0.4,0.41,2660,3005,0.8,0.91,5645,5960,0.61,0.65,4222,4457,0.94,1,2051,2113,0.52,0.54,7439,8110,0.53,0.57,9196,9713,0.82,0.86,5063,5813,0.61,0.7,8310,8430,0.84,0.85,3851,4013,0.65,0.67,2602,2724,0.93,0.97,3445,3800,1.01,1.11,1541,1590,0.93,0.96,5481,5719,1.28,1.34,2631,2745,0.91,0.95,263956,280428,0.58,0.62,1056,1149,0.2,0.22,542,597,0.94,1.04,8841,9435,0.36,0.38,1303,1502,0.57,0.65,1951,2175,0.59,0.65
16,6395,6385,0.99,0.99,2235,2160,0.5,0.48,9955,10590,0.53,0.57,14235,15170,0.9,0.96,6695,7375,0.69,0.76,13600,13965,0.91,0.94,3355,3560,0.54,0.57,3440,3735,1.16,1.25,5485,5645,1.12,1.16,2740,2820,1.1,1.13,5825,5995,1.14,1.17,4370,4470,0.94,0.96,228735,243825,0.52,0.55,995,1065,0.2,0.21,610,655,0.9,0.97,465,575,0.46,0.57,14655,15220,0.4,0.41,2720,2970,0.82,0.9,5650,6365,0.61,0.69,3955,4082,0.88,0.91,2423,2503,0.62,0.64,7476,7879,0.53,0.56,9110,9541,0.81,0.85,5133,5975,0.61,0.71,8149,7853,0.82,0.79,3824,3968,0.64,0.67,2536,2707,0.9,0.97,3533,3563,1.03,1.04,1443,1526,0.87,0.92,5386,5567,1.26,1.3,2710,2590,0.93,0.89,264932,279769,0.59,0.62,970,1157,0.18,0.22,571,592,0.99,1.03,8802,9028,0.35,0.36,1369,1669,0.59,0.72,2038,2392,0.61,0.72
17,6270,6490,0.97,1.01,2175,2260,0.49,0.51,9305,10055,0.5,0.54,14090,14700,0.89,0.93,6375,6965,0.66,0.72,13235,13715,0.89,0.92,3655,3835,0.59,0.62,3170,3500,1.06,1.18,5090,5255,1.04,1.08,2575,2540,1.03,1.02,5360,5675,1.04,1.11,4055,4270,0.87,0.91,227880,242370,0.51,0.55,1095,1125,0.22,0.22,540,595,0.8,0.88,400,505,0.4,0.5,14555,15305,0.4,0.42,2565,2995,0.77,0.9,5515,6280,0.6,0.68,3681,3906,0.82,0.87,3097,3104,0.79,0.79,7674,8142,0.54,0.58,9056,9485,0.81,0.84,5186,6550,0.62,0.78,8159,8116,0.82,0.82,4048,3955,0.68,0.66,2391,2584,0.85,0.92,3326,3617,0.97,1.06,1409,1509,0.85,0.91,5459,5848,1.28,1.37,2558,2618,0.88,0.9,272631,287348,0.6,0.64,1072,1145,0.2,0.22,524,574,0.91,1,8997,9134,0.36,0.37,1312,1716,0.57,0.74,2075,2508,0.62,0.75
18,6000,6055,0.93,0.94,3185,3040,0.71,0.68,9795,10605,0.53,0.57,13735,14655,0.87,0.92,6390,6915,0.66,0.71,13755,14095,0.92,0.95,3795,3750,0.61,0.6,2550,3000,0.86,1.01,4980,4970,1.02,1.02,2260,2390,0.91,0.96,5150,5295,1,1.03,3770,3875,0.81,0.83,222730,236785,0.5,0.53,1225,1390,0.24,0.27,545,515,0.8,0.76,485,495,0.48,0.49,16555,15525,0.45,0.42,2655,3190,0.8,0.96,5270,6270,0.57,0.68,3557,3912,0.8,0.87,4213,3874,1.07,0.99,8242,8811,0.58,0.62,8957,9488,0.8,0.84,5394,6437,0.65,0.77,8524,8069,0.86,0.82,3996,3932,0.67,0.66,2237,2349,0.8,0.84,3209,3582,0.94,1.05,1385,1356,0.83,0.82,5686,5387,1.33,1.26,2553,2461,0.88,0.85,277745,289107,0.62,0.64,1245,1307,0.23,0.25,461,450,0.8,0.78,10203,9528,0.41,0.38,1520,1926,0.66,0.84,2069,2488,0.62,0.75
19,6075,6220,0.94,0.96,4055,3890,0.91,0.87,10170,11085,0.55,0.59,13590,14065,0.86,0.89,6385,7695,0.66,0.79,13575,14120,0.91,0.95,3850,3840,0.62,0.62,2100,2355,0.71,0.79,4915,4505,1.01,0.92,2260,2230,0.91,0.89,5215,5405,1.02,1.05,4000,3735,0.86,0.8,229570,239255,0.52,0.54,1615,1690,0.32,0.33,560,505,0.83,0.75,575,670,0.57,0.66,20965,18065,0.57,0.49,3075,3555,0.93,1.07,5540,6535,0.6,0.71,3613,4071,0.81,0.91,5302,4608,1.35,1.17,9335,9915,0.66,0.7,8535,9738,0.76,0.87,5585,6625,0.67,0.79,8380,7795,0.85,0.79,4170,3997,0.7,0.67,1937,2042,0.69,0.73,3348,3432,0.98,1,1290,1350,0.78,0.81,5659,5217,1.33,1.22,2654,2276,0.92,0.78,289614,294799,0.64,0.65,1870,1702,0.35,0.32,446,490,0.77,0.85,13833,12000,0.56,0.48,1764,2330,0.76,1.01,2349,2425,0.71,0.73
20,5515,5835,0.86,0.9,5360,4865,1.2,1.09,9900,11065,0.53,0.59,12435,13040,0.78,0.82,6660,7620,0.68,0.78,12910,12965,0.87,0.87,3835,3830,0.62,0.61,1935,2205,0.65,0.74,4605,4405,0.94,0.9,2170,2225,0.87,0.89,5015,5085,0.98,0.99,3690,3600,0.79,0.77,228715,239260,0.52,0.54,1750,1760,0.34,0.35,500,480,0.74,0.71,745,730,0.74,0.72,23320,19890,0.64,0.54,2875,3590,0.87,1.08,5735,6105,0.62,0.66,3756,4575,0.84,1.02,7484,6645,1.9,1.69,9358,10563,0.66,0.75,8495,9925,0.76,0.88,6152,7812,0.74,0.93,8303,8303,0.84,0.84,4305,4070,0.72,0.68,1788,2284,0.64,0.81,3239,3862,0.95,1.13,1339,1411,0.81,0.85,5187,5348,1.22,1.25,2593,2496,0.89,0.86,290982,306188,0.64,0.68,1908,1853,0.36,0.35,517,518,0.9,0.9,17249,15239,0.69,0.61,1672,3117,0.73,1.35,2330,2843,0.7,0.85
21,5465,5670,0.85,0.88,5350,5075,1.2,1.14,10165,11410,0.55,0.61,12290,12685,0.77,0.8,6570,7795,0.68,0.8,12430,12670,0.84,0.85,4065,3950,0.65,0.63,1755,2140,0.59,0.72,4435,4300,0.91,0.88,2125,2070,0.85,0.83,5100,5210,0.99,1.02,3820,3630,0.82,0.78,238275,247590,0.54,0.56,1960,1870,0.39,0.37,515,575,0.76,0.85,775,850,0.77,0.84,24730,20765,0.67,0.57,2760,3005,0.83,0.91,5865,6425,0.63,0.7,3846,4510,0.86,1.01,8750,8519,2.23,2.17,9775,11471,0.69,0.81,8776,10073,0.78,0.9,6447,7600,0.77,0.91,8298,8138,0.84,0.82,4192,3918,0.7,0.66,1707,2127,0.61,0.76,3201,3564,0.94,1.04,1301,1265,0.78,0.76,4832,4792,1.13,1.12,2642,2415,0.91,0.83,279923,291115,0.62,0.64,1944,1905,0.37,0.36,485,514,0.84,0.89,19492,16905,0.78,0.68,1665,3180,0.72,1.38,2520,3131,0.76,0.94
22,5520,5605,0.86,0.87,7385,6310,1.66,1.42,10885,12590,0.58,0.68,11870,12395,0.75,0.78,6670,7175,0.69,0.74,12255,12060,0.82,0.81,4040,4115,0.65,0.66,1755,2170,0.59,0.73,4300,4135,0.88,0.85,2095,1980,0.84,0.79,5385,5030,1.05,0.98,3850,3745,0.82,0.8,246355,252605,0.56,0.57,2005,1940,0.4,0.38,480,545,0.71,0.8,885,1065,0.88,1.06,26255,21755,0.72,0.59,2640,2900,0.8,0.87,6225,6395,0.67,0.69,4216,4361,0.94,0.98,10229,9555,2.6,2.43,10675,13262,0.76,0.94,9329,10054,0.83,0.89,6588,7191,0.79,0.86,8162,7614,0.82,0.77,4288,3756,0.72,0.63,1956,2033,0.7,0.72,3004,3272,0.88,0.96,1295,1309,0.78,0.79,4749,4467,1.11,1.05,2643,2383,0.91,0.82,280013,284538,0.62,0.63,2199,2060,0.41,0.39,439,446,0.76,0.77,22368,18943,0.9,0.76,1773,2958,0.77,1.28,2557,2990,0.77,0.9
23,5505,5555,0.85,0.86,7970,6435,1.79,1.44,11180,13675,0.6,0.73,11660,11860,0.73,0.75,6895,6900,0.71,0.71,12365,11565,0.83,0.78,4325,3980,0.69,0.64,1760,2035,0.59,0.68,4145,4010,0.85,0.82,2020,1830,0.81,0.73,5265,5020,1.03,0.98,3870,3620,0.83,0.78,250770,254655,0.57,0.57,2160,1995,0.43,0.39,555,475,0.82,0.7,990,1140,0.98,1.13,28890,22935,0.79,0.63,2425,2505,0.73,0.75,6300,6465,0.68,0.7,4619,4508,1.03,1.01,8971,8307,2.28,2.11,11703,14671,0.83,1.04,10070,10600,0.9,0.94,7142,7271,0.85,0.87,8353,7058,0.84,0.71,4115,3722,0.69,0.63,1885,2092,0.67,0.75,2853,3140,0.83,0.92,1206,1228,0.73,0.74,4544,4152,1.06,0.97,2767,2468,0.95,0.85,281351,285633,0.62,0.63,2757,2355,0.52,0.44,466,416,0.81,0.72,27146,21238,1.09,0.85,1856,2437,0.8,1.06,2828,3101,0.85,0.93
24,5540,4935,0.86,0.77,6590,5655,1.48,1.27,11845,13720,0.64,0.74,11695,11520,0.74,0.73,7075,7010,0.73,0.72,12370,11410,0.83,0.77,4250,4115,0.68,0.66,1660,2115,0.56,0.71,4030,3760,0.83,0.77,1960,1790,0.79,0.72,5460,4965,1.06,0.97,3870,3485,0.83,0.75,256125,259290,0.58,0.58,2460,2155,0.48,0.42,500,425,0.74,0.63,1075,1320,1.07,1.31,31990,24830,0.87,0.68,2385,2480,0.72,0.75,6425,6410,0.7,0.69,4562,4277,1.02,0.96,6261,6249,1.59,1.59,12484,15215,0.88,1.08,10527,10827,0.94,0.96,7666,7204,0.92,0.86,8658,7228,0.87,0.73,4217,3499,0.71,0.59,1967,1857,0.7,0.66,2751,2996,0.81,0.88,1240,1085,0.75,0.65,4344,3673,1.02,0.86,2934,2291,1.01,0.79,272285,271443,0.6,0.6,2801,2604,0.53,0.49,485,425,0.84,0.74,32605,25071,1.31,1.01,1865,2407,0.81,1.04,2856,3035,0.86,0.91
25,5575,4800,0.86,0.74,5245,4475,1.18,1,12035,13255,0.65,0.71,11405,11300,0.72,0.71,6950,6915,0.71,0.71,12520,11045,0.84,0.74,4320,4175,0.69,0.67,1765,1880,0.59,0.63,3795,3645,0.78,0.75,1720,1595,0.69,0.64,5000,4830,0.97,0.94,3590,3225,0.77,0.69,255065,257490,0.58,0.58,2525,2385,0.5,0.47,465,425,0.69,0.63,1205,1435,1.19,1.42,34785,28175,0.95,0.77,2590,2520,0.78,0.76,7075,6735,0.77,0.73,4531,4462,1.01,1,4920,5371,1.25,1.37,13855,16274,0.98,1.15,11021,11644,0.98,1.04,7787,8120,0.93,0.97,8754,7869,0.88,0.8,4216,3613,0.71,0.61,1910,2303,0.68,0.82,2647,3313,0.77,0.97,1082,1296,0.65,0.78,3815,3807,0.89,0.89,2874,2510,0.99,0.87,268667,276134,0.6,0.61,2855,3040,0.54,0.57,469,458,0.81,0.79,37464,30422,1.51,1.22,2108,3080,0.91,1.34,3074,4077,0.92,1.22
26,5350,4700,0.83,0.73,5105,4335,1.15,0.97,12545,12760,0.67,0.68,11925,11265,0.75,0.71,7250,6780,0.75,0.7,12370,10710,0.83,0.72,4445,3930,0.71,0.63,1560,1760,0.52,0.59,3855,3425,0.79,0.7,1620,1535,0.65,0.62,4995,4510,0.97,0.88,3755,3360,0.8,0.72,261505,261755,0.59,0.59,2605,2470,0.51,0.49,480,505,0.71,0.75,1205,1595,1.19,1.58,38070,30590,1.04,0.83,2785,2480,0.84,0.75,7195,6980,0.78,0.76,4666,4679,1.04,1.05,4660,4787,1.19,1.22,14665,16632,1.04,1.18,11239,11536,1,1.03,8115,8131,0.97,0.97,8880,7689,0.9,0.78,4273,3364,0.72,0.57,1996,2417,0.71,0.86,2479,2965,0.73,0.87,1252,1279,0.75,0.77,3584,3412,0.84,0.8,2794,2563,0.96,0.88,265637,269883,0.59,0.6,2717,3020,0.51,0.57,466,429,0.81,0.74,41489,34124,1.67,1.37,2274,2983,0.99,1.29,3239,4383,0.97,1.32
27,5255,4565,0.81,0.71,4460,3725,1,0.84,13330,12740,0.72,0.68,12430,11260,0.78,0.71,7610,6750,0.78,0.69,12065,10265,0.81,0.69,4425,4090,0.71,0.66,1530,1730,0.51,0.58,3465,3305,0.71,0.68,1635,1485,0.66,0.59,4985,4605,0.97,0.9,3865,3505,0.83,0.75,266625,264910,0.6,0.6,2795,2670,0.55,0.53,510,475,0.75,0.7,1325,1675,1.31,1.66,42225,33665,1.15,0.92,2720,2555,0.82,0.77,7480,7425,0.81,0.8,4889,4514,1.09,1.01,4795,4498,1.22,1.14,15237,15866,1.08,1.12,11391,11624,1.01,1.03,8068,7864,0.97,0.94,9201,8011,0.93,0.81,4054,3446,0.68,0.58,2016,2212,0.72,0.79,2431,2824,0.71,0.83,1130,1205,0.68,0.73,3457,3125,0.81,0.73,2814,2609,0.97,0.9,259253,263044,0.57,0.58,2832,3091,0.53,0.58,490,358,0.85,0.62,44388,38290,1.79,1.54,2352,2984,1.02,1.29,3336,4296,1,1.29
28,4965,4230,0.77,0.66,4515,3630,1.01,0.81,14420,12795,0.77,0.69,12555,11650,0.79,0.73,8405,7055,0.86,0.73,11845,10095,0.8,0.68,4630,3890,0.74,0.62,1405,1540,0.47,0.52,3370,3165,0.69,0.65,1580,1430,0.63,0.57,5100,4395,0.99,0.86,3740,3360,0.8,0.72,271110,267245,0.61,0.6,2940,2755,0.58,0.54,485,540,0.72,0.8,1400,1775,1.39,1.76,44785,36955,1.22,1.01,2680,2495,0.81,0.75,7445,7630,0.81,0.83,4839,4680,1.08,1.05,5300,4535,1.35,1.15,15972,16325,1.13,1.16,11869,12015,1.06,1.07,8425,7945,1.01,0.95,10108,8502,1.02,0.86,4311,3507,0.72,0.59,1961,2273,0.7,0.81,2331,2586,0.68,0.76,1218,1244,0.73,0.75,3224,3003,0.76,0.7,2773,2671,0.96,0.92,257266,258972,0.57,0.57,2958,3209,0.56,0.6,502,440,0.87,0.76,46351,40711,1.86,1.64,2243,2920,0.97,1.27,3367,4394,1.01,1.32
29,5125,4440,0.79,0.69,4130,3340,0.93,0.75,15170,13395,0.81,0.72,12190,11850,0.77,0.75,8815,7380,0.91,0.76,11490,9510,0.77,0.64,4635,4120,0.74,0.66,1420,1485,0.48,0.5,3450,3065,0.71,0.63,1480,1310,0.59,0.52,5065,4265,0.99,0.83,4100,3310,0.88,0.71,279035,273470,0.63,0.62,3055,3080,0.6,0.61,500,505,0.74,0.75,1325,1875,1.31,1.86,47670,39220,1.3,1.07,2805,2655,0.85,0.8,8030,7805,0.87,0.84,5035,4584,1.13,1.03,4877,4399,1.24,1.12,16158,16959,1.14,1.2,11963,11867,1.06,1.06,9085,7710,1.09,0.92,9773,8346,0.99,0.84,4256,3479,0.72,0.58,1955,2246,0.7,0.8,2301,2513,0.67,0.74,1255,1109,0.76,0.67,2987,2800,0.7,0.66,2975,2604,1.03,0.9,260225,260907,0.58,0.58,2996,3415,0.56,0.64,435,344,0.75,0.6,46729,41647,1.88,1.68,2168,3118,0.94,1.35,3512,4389,1.05,1.32
30,5180,4700,0.8,0.73,4620,3545,1.04,0.8,16250,14310,0.87,0.77,12685,12130,0.8,0.76,9090,7775,0.93,0.8,12255,9775,0.82,0.66,4775,4105,0.77,0.66,1255,1385,0.42,0.47,3420,3215,0.7,0.66,1575,1415,0.63,0.57,4975,4365,0.97,0.85,4080,3445,0.87,0.74,285020,278780,0.64,0.63,3195,3190,0.63,0.63,570,515,0.84,0.76,1490,1750,1.48,1.73,49290,41755,1.34,1.14,2920,2810,0.88,0.85,8110,8245,0.88,0.89,4837,4750,1.08,1.06,4432,3892,1.13,0.99,16613,16862,1.18,1.19,12159,12492,1.08,1.11,9258,8186,1.11,0.98,10578,9373,1.07,0.95,4164,3572,0.7,0.6,1956,2164,0.7,0.77,2340,2549,0.68,0.75,1188,1226,0.72,0.74,2759,2697,0.65,0.63,2713,2438,0.94,0.84,266825,266490,0.59,0.59,3207,3490,0.6,0.66,417,444,0.72,0.77,44837,42638,1.8,1.72,2178,3054,0.94,1.32,3553,4865,1.07,1.46
31,5975,4805,0.93,0.75,4600,3280,1.03,0.74,17010,15135,0.91,0.81,13535,12500,0.85,0.79,9350,7750,0.96,0.8,12425,10570,0.83,0.71,4560,3970,0.73,0.64,1425,1285,0.48,0.43,3250,2965,0.67,0.61,1480,1330,0.59,0.53,4535,4005,0.88,0.78,4165,3350,0.89,0.72,276440,269085,0.62,0.61,3020,2970,0.6,0.59,515,505,0.76,0.75,1380,1980,1.37,1.96,51170,43910,1.4,1.2,2985,2715,0.9,0.82,8975,8525,0.97,0.92,4717,4677,1.05,1.05,4367,3978,1.11,1.01,16369,16863,1.16,1.19,12166,12422,1.08,1.1,9382,8576,1.12,1.03,11112,9546,1.12,0.96,4343,3357,0.73,0.56,1970,2025,0.7,0.72,2081,2375,0.61,0.69,1186,1177,0.71,0.71,2520,2497,0.59,0.59,2631,2447,0.91,0.84,263371,263894,0.58,0.58,3019,3378,0.57,0.64,472,426,0.82,0.74,43057,41278,1.73,1.66,2178,2973,0.94,1.29,3446,4883,1.03,1.47
32,6420,4845,1,0.75,4795,3370,1.08,0.76,18135,16245,0.97,0.87,13925,12925,0.88,0.81,9505,7910,0.98,0.81,12815,10105,0.86,0.68,4785,3825,0.77,0.61,1600,1375,0.54,0.46,3070,2850,0.63,0.58,1465,1220,0.59,0.49,4525,3805,0.88,0.74,4015,3580,0.86,0.77,276400,266740,0.62,0.6,2990,3085,0.59,0.61,500,490,0.74,0.72,1370,1880,1.36,1.86,51220,44725,1.4,1.22,3035,2985,0.91,0.9,8965,8380,0.97,0.91,4269,4388,0.95,0.98,4069,3672,1.03,0.93,15459,16489,1.09,1.17,11235,11839,1,1.05,9727,8741,1.16,1.05,11100,9894,1.12,1,3939,3386,0.66,0.57,1872,1980,0.67,0.71,2016,2220,0.59,0.65,1159,1140,0.7,0.69,2408,2312,0.56,0.54,2384,2281,0.82,0.79,248500,250214,0.55,0.55,3075,3247,0.58,0.61,430,401,0.75,0.7,39609,38642,1.59,1.55,1964,2959,0.85,1.28,3199,4882,0.96,1.47
33,6695,4655,1.04,0.72,4625,3130,1.04,0.7,19420,17585,1.04,0.94,14515,13240,0.91,0.83,10015,7630,1.03,0.78,12955,9740,0.87,0.65,4575,4020,0.73,0.65,1400,1335,0.47,0.45,2970,2830,0.61,0.58,1420,1320,0.57,0.53,4285,3670,0.84,0.72,4080,3345,0.87,0.72,277530,269475,0.63,0.61,3035,3305,0.6,0.65,545,590,0.8,0.87,1240,1660,1.23,1.65,52520,45295,1.43,1.23,2985,3000,0.9,0.9,9500,8270,1.03,0.9,4228,4489,0.95,1,3852,3305,0.98,0.84,14536,15418,1.03,1.09,10162,11153,0.9,0.99,9841,8763,1.18,1.05,10718,9366,1.08,0.95,3812,3081,0.64,0.52,1751,1975,0.62,0.7,1810,2032,0.53,0.59,1139,1108,0.69,0.67,2100,2025,0.49,0.47,2343,2113,0.81,0.73,234631,235144,0.52,0.52,2846,3116,0.54,0.59,373,348,0.65,0.6,36799,35757,1.48,1.44,1931,2778,0.84,1.2,3259,4785,0.98,1.44
34,6335,4820,0.98,0.75,4460,3025,1,0.68,19630,17885,1.05,0.96,14455,13095,0.91,0.82,10505,7755,1.08,0.8,13355,10240,0.9,0.69,4540,3690,0.73,0.59,1480,1370,0.5,0.46,2780,2615,0.57,0.54,1390,1175,0.56,0.47,4010,3445,0.78,0.67,4125,3150,0.88,0.67,267230,257960,0.6,0.58,2960,3180,0.58,0.63,505,450,0.75,0.66,1185,1545,1.17,1.53,52555,44730,1.43,1.22,3060,2920,0.92,0.88,9225,8295,1,0.9,4397,4602,0.98,1.03,3711,3294,0.94,0.84,14132,15611,1,1.1,9848,11044,0.88,0.98,10433,9408,1.25,1.13,11071,9711,1.12,0.98,3727,3123,0.63,0.53,1704,1860,0.61,0.66,1721,1955,0.5,0.57,1040,1076,0.63,0.65,2099,1875,0.49,0.44,2228,2078,0.77,0.72,238075,238492,0.53,0.53,3022,3022,0.57,0.57,375,323,0.65,0.56,34059,34136,1.37,1.37,1761,2840,0.76,1.23,3110,4609,0.93,1.38
35,6100,4825,0.95,0.75,4440,3060,1,0.69,20295,18650,1.09,1,14680,13560,0.92,0.85,10115,7955,1.04,0.82,13380,10335,0.9,0.69,4550,3765,0.73,0.6,1410,1320,0.47,0.44,2680,2560,0.55,0.52,1345,1260,0.54,0.5,3535,3200,0.69,0.62,3820,3265,0.82,0.7,263470,258120,0.59,0.58,2980,3210,0.59,0.63,510,425,0.75,0.63,1135,1585,1.12,1.57,52850,45570,1.44,1.24,3100,3030,0.93,0.91,9145,9155,0.99,0.99,3810,4444,0.85,0.99,3530,3018,0.9,0.77,13163,14665,0.93,1.04,8997,9938,0.8,0.88,10466,9057,1.25,1.08,10913,9686,1.1,0.98,3794,3160,0.64,0.53,1876,1736,0.67,0.62,1685,1738,0.49,0.51,1081,1005,0.65,0.61,1990,1896,0.47,0.44,2006,1839,0.69,0.63,249536,245628,0.55,0.54,2883,2974,0.54,0.56,391,382,0.68,0.66,31696,30846,1.28,1.24,1713,2737,0.74,1.19,3162,3915,0.95,1.18
36,6185,5110,0.96,0.79,4565,3240,1.02,0.73,19960,19080,1.07,1.02,14510,13250,0.91,0.83,9920,7905,1.02,0.81,13480,10715,0.91,0.72,4620,3670,0.74,0.59,1490,1240,0.5,0.42,2510,2445,0.51,0.5,1420,1175,0.57,0.47,3375,2865,0.66,0.56,3625,3215,0.78,0.69,259740,252900,0.59,0.57,2830,3140,0.56,0.62,500,490,0.74,0.72,1020,1410,1.01,1.4,53450,46215,1.46,1.26,3060,2855,0.92,0.86,9140,8800,0.99,0.95,3932,4298,0.88,0.96,3286,2986,0.84,0.76,12523,13542,0.89,0.96,8289,9024,0.74,0.8,10479,9366,1.25,1.12,10726,9758,1.08,0.99,3912,3111,0.66,0.52,1856,1630,0.66,0.58,1640,1719,0.48,0.5,980,947,0.59,0.57,2012,1711,0.47,0.4,1900,1681,0.66,0.58,262387,259962,0.58,0.58,3230,3135,0.61,0.59,408,327,0.71,0.57,29539,28710,1.19,1.15,1566,2655,0.68,1.15,2992,4050,0.9,1.22
37,6185,4985,0.96,0.77,4805,3385,1.08,0.76,19850,18860,1.06,1.01,14405,13335,0.91,0.84,9565,7475,0.98,0.77,13690,10310,0.92,0.69,4360,3575,0.7,0.57,1385,1285,0.47,0.43,2310,2295,0.47,0.47,1310,1200,0.52,0.48,3025,2670,0.59,0.52,3630,3030,0.78,0.65,254220,249110,0.57,0.56,2865,3210,0.56,0.63,470,385,0.69,0.57,905,1425,0.9,1.41,52220,45065,1.42,1.23,2805,2875,0.85,0.87,9130,8760,0.99,0.95,3862,4602,0.86,1.03,3219,2773,0.82,0.71,11677,12760,0.83,0.9,8378,9240,0.75,0.82,10195,9234,1.22,1.1,10084,8897,1.02,0.9,3954,3304,0.66,0.56,1722,1607,0.61,0.57,1660,1648,0.49,0.48,968,862,0.58,0.52,1989,1706,0.47,0.4,1902,1661,0.66,0.57,275117,270936,0.61,0.6,3289,3190,0.62,0.6,425,351,0.74,0.61,26650,26101,1.07,1.05,1617,2650,0.7,1.15,2984,3854,0.9,1.16
38,6000,5355,0.93,0.83,5085,3520,1.14,0.79,19530,19380,1.05,1.04,14530,13795,0.92,0.87,9730,7115,1,0.73,14285,10970,0.96,0.74,4505,3645,0.72,0.58,1560,1400,0.52,0.47,2290,2105,0.47,0.43,1415,1245,0.57,0.5,2980,2505,0.58,0.49,3630,2930,0.78,0.63,251155,246275,0.57,0.56,2890,3235,0.57,0.64,520,415,0.77,0.61,865,1290,0.86,1.28,51215,44675,1.4,1.22,2760,2865,0.83,0.86,9295,8770,1.01,0.95,3062,3604,0.68,0.81,3145,2714,0.8,0.69,11588,12502,0.82,0.88,8360,9051,0.74,0.8,10047,8771,1.2,1.05,10224,9347,1.03,0.94,4571,3700,0.77,0.62,2018,1768,0.72,0.63,1648,1682,0.48,0.49,942,900,0.57,0.54,2145,1885,0.5,0.44,1865,1639,0.64,0.57,294566,291391,0.65,0.65,3341,3442,0.63,0.65,450,393,0.78,0.68,24812,24158,1,0.97,1539,2653,0.67,1.15,2869,3530,0.86,1.06
39,6140,5285,0.95,0.82,4995,3580,1.12,0.8,19075,19555,1.02,1.05,14205,13485,0.89,0.85,10165,7420,1.04,0.76,13190,10350,0.89,0.7,4600,3480,0.74,0.56,1415,1290,0.48,0.43,2210,2065,0.45,0.42,1320,1140,0.53,0.46,2670,2365,0.52,0.46,3470,2860,0.74,0.61,253865,249470,0.57,0.56,3030,3270,0.6,0.64,485,415,0.72,0.61,875,1110,0.87,1.1,49520,44275,1.35,1.21,2680,2885,0.81,0.87,9160,8630,0.99,0.93,3019,3739,0.68,0.84,3026,2512,0.77,0.64,10905,11797,0.77,0.83,8228,8618,0.73,0.77,9867,8701,1.18,1.04,8674,8021,0.88,0.81,5074,4226,0.85,0.71,1825,1943,0.65,0.69,1614,1653,0.47,0.48,840,907,0.51,0.55,2136,2001,0.5,0.47,1755,1575,0.61,0.54,316302,312514,0.7,0.69,3516,3529,0.66,0.66,437,383,0.76,0.66,23568,22451,0.95,0.9,1451,2283,0.63,0.99,2771,3285,0.83,0.99
40,6075,5660,0.94,0.88,4455,3220,1,0.72,19055,19470,1.02,1.04,14455,13625,0.91,0.86,10295,7555,1.06,0.78,14875,11510,1,0.77,4430,3565,0.71,0.57,1440,1370,0.48,0.46,2310,2060,0.47,0.42,1385,1155,0.55,0.46,2570,2280,0.5,0.44,3340,2850,0.72,0.61,263320,255790,0.59,0.58,3110,3380,0.61,0.67,445,460,0.66,0.68,790,1100,0.78,1.09,48600,43940,1.32,1.2,2620,2915,0.79,0.88,9410,9055,1.02,0.98,2641,3731,0.59,0.83,2923,2351,0.74,0.6,10656,11119,0.75,0.79,8026,8416,0.71,0.75,9025,7834,1.08,0.94,9939,9308,1,0.94,5280,4434,0.89,0.75,2137,1985,0.76,0.71,1626,1685,0.48,0.49,904,854,0.54,0.51,2190,1984,0.51,0.46,1653,1510,0.57,0.52,326016,318241,0.72,0.71,3616,3680,0.68,0.69,443,398,0.77,0.69,22344,21058,0.9,0.85,1382,2271,0.6,0.98,2742,3009,0.82,0.9
41,5960,5900,0.92,0.91,4370,3255,0.98,0.73,18575,18825,1,1.01,14450,13855,0.91,0.87,10355,7720,1.06,0.79,14830,11405,1,0.77,4670,3580,0.75,0.57,1475,1320,0.5,0.44,2065,1935,0.42,0.4,1300,1105,0.52,0.44,2370,1985,0.46,0.39,3165,2675,0.68,0.57,259365,254180,0.58,0.57,2980,3335,0.59,0.66,475,425,0.7,0.63,760,1110,0.75,1.1,46130,42110,1.26,1.15,2515,2975,0.76,0.9,8915,8940,0.97,0.97,2335,3454,0.52,0.77,2806,2181,0.71,0.55,10624,11080,0.75,0.78,7676,8182,0.68,0.73,8727,7376,1.04,0.88,9659,8802,0.98,0.89,5638,4764,0.95,0.8,2297,2274,0.82,0.81,1578,1614,0.46,0.47,826,825,0.5,0.5,2016,1923,0.47,0.45,1627,1421,0.56,0.49,321315,314954,0.71,0.7,3794,3810,0.71,0.72,430,362,0.75,0.63,20482,19358,0.82,0.78,1275,2219,0.55,0.96,2621,2875,0.79,0.86
42,5365,5870,0.83,0.91,4330,3145,0.97,0.71,17050,18025,0.91,0.97,13205,13310,0.83,0.84,10125,8020,1.04,0.82,14620,11445,0.98,0.77,4235,3350,0.68,0.54,1565,1285,0.53,0.43,1945,1800,0.4,0.37,1305,1135,0.52,0.45,2145,1990,0.42,0.39,3070,2515,0.66,0.54,244140,240620,0.55,0.54,3050,3180,0.6,0.63,415,520,0.61,0.77,760,1040,0.75,1.03,43355,39105,1.18,1.07,2340,2730,0.71,0.82,8510,8345,0.92,0.9,2064,3040,0.46,0.68,2975,2354,0.76,0.6,10175,10661,0.72,0.75,7022,7737,0.62,0.69,7926,6689,0.95,0.8,9660,8870,0.98,0.9,6240,5260,1.05,0.88,2349,2359,0.84,0.84,1594,1574,0.47,0.46,827,778,0.5,0.47,2084,1992,0.49,0.47,1547,1497,0.53,0.52,334835,326549,0.74,0.72,3898,3949,0.73,0.74,433,425,0.75,0.74,19661,18089,0.79,0.73,1162,1969,0.5,0.85,2514,2879,0.75,0.86
43,5165,5535,0.8,0.86,3975,3005,0.89,0.67,16045,16965,0.86,0.91,11745,12105,0.74,0.76,10210,7550,1.05,0.78,13935,10820,0.94,0.73,3970,3325,0.64,0.53,1365,1160,0.46,0.39,1635,1640,0.33,0.34,1195,1095,0.48,0.44,1900,1620,0.37,0.32,2725,2225,0.58,0.48,229925,227405,0.52,0.51,2980,3065,0.59,0.6,405,490,0.6,0.72,685,960,0.68,0.95,40420,36975,1.1,1.01,2180,2585,0.66,0.78,8100,8165,0.88,0.88,1911,2800,0.43,0.63,2519,2018,0.64,0.51,9780,9830,0.69,0.7,6341,7036,0.56,0.63,7071,6115,0.85,0.73,8893,8192,0.9,0.83,6781,5568,1.14,0.94,2463,2554,0.88,0.91,1482,1628,0.43,0.48,805,754,0.49,0.45,2086,1989,0.49,0.47,1504,1303,0.52,0.45,336556,329778,0.75,0.73,4110,4226,0.77,0.8,395,367,0.68,0.64,18232,17218,0.73,0.69,1200,2012,0.52,0.87,2375,2697,0.71,0.81
44,5170,5750,0.8,0.89,3895,2995,0.87,0.67,15660,16690,0.84,0.9,11240,12115,0.71,0.76,10565,8170,1.09,0.84,14040,11190,0.94,0.75,4025,2980,0.65,0.48,1265,1175,0.42,0.39,1575,1485,0.32,0.3,1055,950,0.42,0.38,1865,1490,0.36,0.29,2615,2060,0.56,0.44,233940,230625,0.53,0.52,3050,3110,0.6,0.61,390,380,0.58,0.56,645,890,0.64,0.88,37425,35060,1.02,0.96,2100,2560,0.63,0.77,7875,8155,0.85,0.88,1703,2356,0.38,0.53,2480,1972,0.63,0.5,9246,8982,0.65,0.64,5644,5914,0.5,0.53,6546,5629,0.78,0.67,8547,7969,0.86,0.81,7008,5848,1.18,0.98,2483,2594,0.89,0.92,1522,1638,0.45,0.48,766,764,0.46,0.46,2136,1842,0.5,0.43,1565,1338,0.54,0.46,345794,341950,0.77,0.76,4108,4348,0.77,0.82,398,379,0.69,0.66,17157,15926,0.69,0.64,1050,2002,0.46,0.87,2265,2383,0.68,0.72
45,4395,5535,0.68,0.86,3850,2820,0.86,0.63,14485,15725,0.78,0.84,10405,10870,0.66,0.68,10105,8565,1.04,0.88,14220,11825,0.96,0.79,3925,3395,0.63,0.54,1295,1165,0.43,0.39,1575,1410,0.32,0.29,1075,910,0.43,0.36,1660,1560,0.32,0.3,2450,2125,0.52,0.45,244775,239850,0.55,0.54,3115,3105,0.61,0.61,405,410,0.6,0.61,685,905,0.68,0.9,35415,32715,0.97,0.89,2005,2430,0.6,0.73,7555,7805,0.82,0.84,1517,1971,0.34,0.44,2412,2073,0.61,0.53,9151,8571,0.65,0.61,5079,5199,0.45,0.46,6155,5527,0.74,0.66,8269,7807,0.84,0.79,7442,6245,1.25,1.05,2463,2392,0.88,0.85,1501,1552,0.44,0.45,764,700,0.46,0.42,2027,1813,0.48,0.42,1461,1269,0.5,0.44,350689,342530,0.78,0.76,4124,4448,0.78,0.84,418,374,0.72,0.65,16182,15202,0.65,0.61,1019,1770,0.44,0.77,2119,2417,0.64,0.73
46,4565,5445,0.71,0.84,3575,2705,0.8,0.61,13770,14810,0.74,0.79,9470,10315,0.6,0.65,9945,8235,1.02,0.85,13785,11630,0.93,0.78,4025,3305,0.65,0.53,1315,1080,0.44,0.36,1475,1430,0.3,0.29,1020,935,0.41,0.37,1725,1565,0.34,0.31,2280,2005,0.49,0.43,258210,253910,0.58,0.57,3380,3400,0.67,0.67,385,415,0.57,0.61,645,835,0.64,0.83,33570,30705,0.92,0.84,1895,2300,0.57,0.69,7345,7575,0.8,0.82,1356,1721,0.3,0.38,2446,1974,0.62,0.5,8573,8251,0.61,0.58,4350,4671,0.39,0.42,5815,5194,0.7,0.62,7851,7225,0.79,0.73,7703,6339,1.3,1.07,2617,2602,0.93,0.93,1411,1414,0.41,0.41,748,737,0.45,0.44,2012,1985,0.47,0.47,1399,1235,0.48,0.43,355356,348684,0.79,0.77,4195,4560,0.79,0.86,392,386,0.68,0.67,15672,14423,0.63,0.58,952,1619,0.41,0.7,2184,2321,0.66,0.7
47,4460,5540,0.69,0.86,3585,2710,0.8,0.61,12960,13720,0.7,0.74,9380,10410,0.59,0.66,9760,8025,1,0.82,12465,10505,0.84,0.71,4300,3415,0.69,0.55,1260,1045,0.42,0.35,1565,1420,0.32,0.29,955,860,0.38,0.34,1785,1450,0.35,0.28,2380,1855,0.51,0.4,270220,264825,0.61,0.6,3485,3475,0.69,0.68,425,370,0.63,0.55,570,790,0.56,0.78,30250,28135,0.82,0.77,1900,2260,0.57,0.68,6915,7390,0.75,0.8,1380,1958,0.31,0.44,2764,2041,0.7,0.52,8792,8227,0.62,0.58,4036,4100,0.36,0.36,5451,4669,0.65,0.56,6735,6296,0.68,0.64,7819,6672,1.31,1.12,2545,2572,0.91,0.92,1346,1352,0.39,0.4,677,666,0.41,0.4,1919,1763,0.45,0.41,1358,1141,0.47,0.39,350580,344403,0.78,0.76,4205,4537,0.79,0.85,376,355,0.65,0.62,14964,13749,0.6,0.55,868,1597,0.38,0.69,2005,2208,0.6,0.66
48,3440,4430,0.53,0.69,3710,2660,0.83,0.6,12680,13620,0.68,0.73,9095,10145,0.57,0.64,9570,7660,0.98,0.79,12405,11050,0.83,0.74,4545,3635,0.73,0.58,1465,1230,0.49,0.41,1550,1490,0.32,0.31,985,870,0.39,0.35,1810,1560,0.35,0.3,2230,1930,0.48,0.41,289575,284090,0.65,0.64,3650,3650,0.72,0.72,410,395,0.61,0.58,575,655,0.57,0.65,28675,26090,0.78,0.71,1715,2125,0.52,0.64,6695,6960,0.72,0.75,1247,1888,0.28,0.42,2757,2116,0.7,0.54,8789,8155,0.62,0.58,4011,4094,0.36,0.36,5109,4653,0.61,0.56,6392,6032,0.65,0.61,7608,6577,1.28,1.11,2415,2434,0.86,0.87,1218,1189,0.36,0.35,683,634,0.41,0.38,1736,1696,0.41,0.4,1198,1076,0.41,0.37,344964,339821,0.76,0.75,3988,4334,0.75,0.82,380,378,0.66,0.66,14324,12692,0.58,0.51,824,1475,0.36,0.64,1879,2141,0.56,0.64
49,3355,4455,0.52,0.69,3310,2510,0.74,0.56,11870,12805,0.64,0.69,8995,9665,0.57,0.61,9325,7435,0.96,0.76,10585,9300,0.71,0.62,4995,4310,0.8,0.69,1530,1195,0.51,0.4,1600,1465,0.33,0.3,870,770,0.35,0.31,1785,1625,0.35,0.32,2185,1745,0.47,0.37,311185,304565,0.7,0.69,3895,3840,0.77,0.76,400,390,0.59,0.58,480,650,0.48,0.64,27025,24375,0.74,0.66,1690,2090,0.51,0.63,6485,6610,0.7,0.72,1108,1818,0.25,0.41,2351,1850,0.6,0.47,8842,8154,0.63,0.58,4153,4396,0.37,0.39,4918,4499,0.59,0.54,4950,4748,0.5,0.48,6839,5897,1.15,0.99,1839,1927,0.66,0.69,1098,1107,0.32,0.32,559,546,0.34,0.33,1589,1605,0.37,0.38,1097,964,0.38,0.33,337645,334091,0.75,0.74,3741,4108,0.7,0.77,325,344,0.56,0.6,13351,11990,0.54,0.48,766,1315,0.33,0.57,1903,2035,0.57,0.61
50,2950,4415,0.46,0.68,3405,2380,0.76,0.53,11595,12090,0.62,0.65,8830,9460,0.56,0.6,8755,6885,0.9,0.71,11920,10835,0.8,0.73,5745,4380,0.92,0.7,1750,1425,0.59,0.48,1620,1550,0.33,0.32,915,820,0.37,0.33,1865,1590,0.36,0.31,2145,1690,0.46,0.36,320810,311970,0.72,0.7,4135,4095,0.81,0.81,430,355,0.64,0.52,460,665,0.46,0.66,26290,23035,0.72,0.63,1580,2090,0.48,0.63,6555,6600,0.71,0.71,965,1618,0.22,0.36,2299,1859,0.58,0.47,8765,8409,0.62,0.6,4094,4305,0.36,0.38,4759,4423,0.57,0.53,5688,5488,0.57,0.55,6403,5154,1.08,0.87,1705,1494,0.61,0.53,980,1016,0.29,0.3,549,585,0.33,0.35,1394,1331,0.33,0.31,1003,905,0.35,0.31,327330,324287,0.73,0.72,3900,4090,0.73,0.77,347,327,0.6,0.57,13183,11623,0.53,0.47,775,1301,0.34,0.56,1812,2041,0.54,0.61
51,2635,4255,0.41,0.66,3145,2275,0.71,0.51,11465,11945,0.61,0.64,8530,9115,0.54,0.57,8090,6425,0.83,0.66,11655,10370,0.78,0.7,5635,4835,0.9,0.78,1695,1530,0.57,0.51,1555,1420,0.32,0.29,795,755,0.32,0.3,1790,1640,0.35,0.32,2170,1620,0.46,0.35,315885,307565,0.71,0.69,4250,4265,0.84,0.84,435,375,0.64,0.55,420,565,0.42,0.56,24020,21835,0.65,0.6,1505,2110,0.45,0.64,6075,6350,0.66,0.69,996,1675,0.22,0.37,2125,1784,0.54,0.45,8593,8219,0.61,0.58,4301,4232,0.38,0.38,4547,3754,0.54,0.45,4841,4818,0.49,0.49,5885,4851,0.99,0.82,1384,1337,0.49,0.48,899,905,0.26,0.26,568,478,0.34,0.29,1274,1221,0.3,0.29,963,801,0.33,0.28,313039,310336,0.69,0.69,3785,3955,0.71,0.74,298,307,0.52,0.53,12509,10948,0.5,0.44,687,1161,0.3,0.5,1746,1956,0.52,0.59
52,2265,3715,0.35,0.58,3195,2280,0.72,0.51,11160,11575,0.6,0.62,7540,8640,0.47,0.54,7325,5810,0.75,0.6,11185,10135,0.75,0.68,6420,5215,1.03,0.84,1885,1655,0.63,0.56,1560,1445,0.32,0.3,880,785,0.35,0.31,1855,1805,0.36,0.35,2070,1655,0.44,0.35,328700,319710,0.74,0.72,4475,4605,0.88,0.91,415,375,0.61,0.55,450,540,0.45,0.54,23165,19880,0.63,0.54,1430,2070,0.43,0.62,5915,6090,0.64,0.66,958,1636,0.21,0.37,2192,1843,0.56,0.47,8456,7992,0.6,0.57,4164,4103,0.37,0.36,4226,3576,0.51,0.43,4186,4196,0.42,0.42,5502,4472,0.92,0.75,1279,1124,0.46,0.4,839,828,0.25,0.24,506,442,0.3,0.27,1119,1144,0.26,0.27,953,716,0.33,0.25,310924,308012,0.69,0.68,3770,3813,0.71,0.72,303,295,0.53,0.51,11792,10358,0.47,0.42,629,1067,0.27,0.46,1532,1753,0.46,0.53
53,2215,3300,0.34,0.51,2830,1920,0.64,0.43,10635,10600,0.57,0.57,6930,7865,0.44,0.5,6865,5465,0.71,0.56,10215,9445,0.69,0.63,6960,5430,1.12,0.87,1960,1775,0.66,0.6,1585,1425,0.32,0.29,775,755,0.31,0.3,1795,1630,0.35,0.32,2020,1635,0.43,0.35,330535,321430,0.75,0.72,4670,4675,0.92,0.92,355,370,0.52,0.55,365,495,0.36,0.49,21800,19375,0.59,0.53,1340,1965,0.4,0.59,5565,5405,0.6,0.59,1063,1531,0.24,0.34,2176,1831,0.55,0.47,8238,7908,0.58,0.56,4109,4132,0.37,0.37,4061,3287,0.49,0.39,3531,3679,0.36,0.37,4870,4174,0.82,0.7,1031,1017,0.37,0.36,706,745,0.21,0.22,455,441,0.27,0.27,907,913,0.21,0.21,864,688,0.3,0.24,305440,303670,0.68,0.67,4038,3959,0.76,0.75,268,304,0.46,0.53,11222,9562,0.45,0.38,634,1068,0.27,0.46,1563,1661,0.47,0.5
54,1885,2760,0.29,0.43,2535,1850,0.57,0.42,9820,9805,0.53,0.53,5940,6535,0.37,0.41,6030,4705,0.62,0.48,9635,9110,0.65,0.61,7035,6055,1.13,0.97,2055,1845,0.69,0.62,1595,1435,0.33,0.29,765,690,0.31,0.28,1775,1470,0.35,0.29,1845,1570,0.4,0.34,338865,332205,0.76,0.75,4665,4810,0.92,0.95,390,380,0.58,0.56,335,375,0.33,0.37,19440,16390,0.53,0.45,1230,1875,0.37,0.57,5230,5180,0.57,0.56,1212,1348,0.27,0.3,2121,1784,0.54,0.45,8134,8043,0.58,0.57,4006,4123,0.36,0.37,3995,3156,0.48,0.38,3234,3305,0.33,0.33,4483,3708,0.75,0.62,880,821,0.31,0.29,679,689,0.2,0.2,446,378,0.27,0.23,799,768,0.19,0.18,844,650,0.29,0.22,294348,291150,0.65,0.65,4108,3996,0.77,0.75,245,253,0.42,0.44,10493,9037,0.42,0.36,606,977,0.26,0.42,1474,1570,0.44,0.47
55,1680,2345,0.26,0.36,2505,1940,0.56,0.44,9740,9260,0.52,0.5,5440,5870,0.34,0.37,5820,4570,0.6,0.47,9170,8775,0.62,0.59,7530,6265,1.21,1.01,2060,1875,0.69,0.63,1555,1405,0.32,0.29,790,655,0.32,0.26,1760,1405,0.34,0.27,1835,1445,0.39,0.31,342355,332390,0.77,0.75,4820,5115,0.95,1.01,335,340,0.49,0.5,295,365,0.29,0.36,18135,15715,0.49,0.43,1170,1790,0.35,0.54,5150,5100,0.56,0.55,996,1220,0.22,0.27,1957,1679,0.5,0.43,7841,7993,0.55,0.57,3847,3872,0.34,0.34,3751,3045,0.45,0.36,2841,2975,0.29,0.3,4076,3217,0.69,0.54,721,615,0.26,0.22,581,649,0.17,0.19,408,332,0.25,0.2,685,721,0.16,0.17,698,597,0.24,0.21,283409,280883,0.63,0.62,4165,3955,0.78,0.74,215,240,0.37,0.42,10136,8511,0.41,0.34,498,936,0.22,0.41,1458,1601,0.44,0.48
56,1410,2045,0.22,0.32,2565,1950,0.58,0.44,9250,8730,0.5,0.47,4705,5050,0.3,0.32,5220,4420,0.54,0.45,8565,8080,0.58,0.54,7740,6105,1.24,0.98,2200,2035,0.74,0.68,1460,1325,0.3,0.27,780,750,0.31,0.3,1685,1640,0.33,0.32,1720,1415,0.37,0.3,345930,336590,0.78,0.76,4875,5130,0.96,1.01,330,345,0.49,0.51,265,365,0.26,0.36,17400,14790,0.47,0.4,1045,1865,0.31,0.56,4865,4945,0.53,0.54,1135,1069,0.25,0.24,1904,1487,0.48,0.38,7777,7913,0.55,0.56,3788,3655,0.34,0.33,3601,2978,0.43,0.36,2773,2768,0.28,0.28,3612,2775,0.61,0.47,673,464,0.24,0.17,608,566,0.18,0.17,362,335,0.22,0.2,588,643,0.14,0.15,694,568,0.24,0.2,280220,276270,0.62,0.61,4186,4073,0.79,0.77,221,231,0.38,0.4,9470,7744,0.38,0.31,536,826,0.23,0.36,1316,1520,0.4,0.46
57,1380,2230,0.21,0.35,2780,2070,0.62,0.46,9195,8630,0.49,0.46,4330,4360,0.27,0.27,4875,3880,0.5,0.4,7230,7215,0.49,0.48,7750,6500,1.24,1.04,2110,2025,0.71,0.68,1425,1250,0.29,0.26,775,595,0.31,0.24,1550,1330,0.3,0.26,1660,1335,0.36,0.29,340655,330495,0.77,0.75,4715,4975,0.93,0.98,355,305,0.52,0.45,260,290,0.26,0.29,16190,13875,0.44,0.38,980,1680,0.3,0.51,4565,4495,0.49,0.49,1075,900,0.24,0.2,1997,1459,0.51,0.37,7102,7385,0.5,0.52,3347,3501,0.3,0.31,3451,2714,0.41,0.32,2272,2163,0.23,0.22,3180,2533,0.53,0.43,539,508,0.19,0.18,596,529,0.17,0.15,348,285,0.21,0.17,541,482,0.13,0.11,610,485,0.21,0.17,285216,281679,0.63,0.62,4428,3998,0.83,0.75,202,213,0.35,0.37,8890,6902,0.36,0.28,473,829,0.21,0.36,1238,1398,0.37,0.42
58,1405,2125,0.22,0.33,2745,2020,0.62,0.45,9230,8385,0.5,0.45,4300,4450,0.27,0.28,4605,3835,0.47,0.39,6955,6675,0.47,0.45,7555,6310,1.21,1.01,2255,1890,0.76,0.63,1195,1060,0.24,0.22,675,575,0.27,0.23,1505,1280,0.29,0.25,1515,1165,0.32,0.25,334085,325655,0.75,0.73,4530,4695,0.89,0.93,320,325,0.47,0.48,210,290,0.21,0.29,15175,12690,0.41,0.35,915,1545,0.28,0.47,4320,4410,0.47,0.48,1281,762,0.29,0.17,1775,1263,0.45,0.32,7122,7384,0.5,0.52,3143,4064,0.28,0.36,3333,2616,0.4,0.31,2181,2058,0.22,0.21,3004,2301,0.51,0.39,487,380,0.17,0.14,498,540,0.15,0.16,279,250,0.17,0.15,548,490,0.13,0.11,551,533,0.19,0.18,279289,274811,0.62,0.61,4602,4154,0.87,0.78,201,207,0.35,0.36,8570,6641,0.34,0.27,429,725,0.19,0.31,1242,1316,0.37,0.4
59,1185,2080,0.18,0.32,2245,1785,0.5,0.4,9385,8405,0.5,0.45,4405,4560,0.28,0.29,4460,4010,0.46,0.41,5180,5015,0.35,0.34,6845,5530,1.1,0.89,1645,1590,0.55,0.53,1060,1040,0.22,0.21,565,520,0.23,0.21,1345,1195,0.26,0.23,1360,1120,0.29,0.24,326255,317895,0.74,0.72,4250,4310,0.84,0.85,275,275,0.41,0.41,260,265,0.26,0.26,14660,12055,0.4,0.33,860,1320,0.26,0.4,4085,4175,0.44,0.45,1145,515,0.26,0.12,1693,1256,0.43,0.32,6627,6543,0.47,0.46,2573,3494,0.23,0.31,3055,2544,0.37,0.3,1602,1550,0.16,0.16,2698,2012,0.45,0.34,501,346,0.18,0.12,507,486,0.15,0.14,259,216,0.16,0.13,470,414,0.11,0.1,556,462,0.19,0.16,278440,273701,0.62,0.61,4390,4078,0.83,0.77,217,218,0.38,0.38,8221,6411,0.33,0.26,391,741,0.17,0.32,1184,1228,0.36,0.37
60,1025,1715,0.16,0.27,2230,1700,0.5,0.38,8900,8765,0.48,0.47,4180,4480,0.26,0.28,4210,3580,0.43,0.37,5880,6020,0.4,0.4,6100,5140,0.98,0.82,1400,1245,0.47,0.42,1010,920,0.21,0.19,550,485,0.22,0.19,1170,980,0.23,0.19,1150,1120,0.25,0.24,315470,309350,0.71,0.7,4235,4345,0.83,0.86,255,305,0.38,0.45,165,245,0.16,0.24,13410,11225,0.37,0.31,860,1295,0.26,0.39,4150,4150,0.45,0.45,1081,353,0.24,0.08,1526,1199,0.39,0.3,6431,6199,0.46,0.44,2530,2746,0.22,0.24,3255,2390,0.39,0.29,1767,1659,0.18,0.17,2423,1736,0.41,0.29,474,295,0.17,0.11,484,428,0.14,0.13,252,180,0.15,0.11,470,420,0.11,0.1,542,464,0.19,0.16,282286,276511,0.63,0.61,4551,4257,0.86,0.8,200,221,0.35,0.38,7952,6073,0.32,0.24,383,703,0.17,0.3,1052,1137,0.32,0.34
61,1060,1790,0.16,0.28,2040,1695,0.46,0.38,8860,8460,0.48,0.45,4525,4600,0.28,0.29,4030,3050,0.41,0.31,4920,4955,0.33,0.33,5705,4755,0.92,0.76,1275,1110,0.43,0.37,885,835,0.18,0.17,525,420,0.21,0.17,1030,970,0.2,0.19,1090,880,0.23,0.19,300725,294595,0.68,0.66,4060,4150,0.8,0.82,245,270,0.36,0.4,175,215,0.17,0.21,12850,10515,0.35,0.29,725,1170,0.22,0.35,3895,3970,0.42,0.43,920,316,0.21,0.07,1552,1099,0.39,0.28,6153,5768,0.44,0.41,2397,2183,0.21,0.19,3081,2239,0.37,0.27,1645,1483,0.17,0.15,2266,1538,0.38,0.26,390,285,0.14,0.1,464,415,0.14,0.12,220,182,0.13,0.11,482,449,0.11,0.11,521,404,0.18,0.14,294124,288001,0.65,0.64,4735,4338,0.89,0.82,172,196,0.3,0.34,7967,5785,0.32,0.23,379,643,0.16,0.28,1064,1078,0.32,0.32
62,980,1625,0.15,0.25,2100,1675,0.47,0.38,8605,8105,0.46,0.43,4210,4210,0.27,0.27,3665,2860,0.38,0.29,4185,4400,0.28,0.3,5545,4315,0.89,0.69,1075,920,0.36,0.31,810,760,0.17,0.16,480,420,0.19,0.17,845,800,0.16,0.16,1020,845,0.22,0.18,298140,290655,0.67,0.66,4000,3915,0.79,0.77,250,250,0.37,0.37,180,185,0.18,0.18,11925,9405,0.33,0.26,695,1160,0.21,0.35,3625,3520,0.39,0.38,719,268,0.16,0.06,1395,969,0.35,0.25,5637,5331,0.4,0.38,2149,1670,0.19,0.15,2769,2026,0.33,0.24,1576,1329,0.16,0.13,2079,1308,0.35,0.22,361,281,0.13,0.1,462,412,0.14,0.12,173,143,0.1,0.09,442,415,0.1,0.1,505,372,0.17,0.13,303865,298450,0.67,0.66,5071,4639,0.95,0.87,195,199,0.34,0.35,7594,5693,0.31,0.23,326,584,0.14,0.25,970,926,0.29,0.28
63,1100,1590,0.17,0.25,2085,1725,0.47,0.39,8330,7805,0.45,0.42,4050,4150,0.26,0.26,3385,2470,0.35,0.25,3470,3895,0.23,0.26,4680,4005,0.75,0.64,930,895,0.31,0.3,650,650,0.13,0.13,430,380,0.17,0.15,730,680,0.14,0.13,960,770,0.21,0.16,290675,283515,0.66,0.64,4230,4045,0.83,0.8,210,225,0.31,0.33,125,185,0.12,0.18,11330,8960,0.31,0.24,615,1020,0.19,0.31,3400,3305,0.37,0.36,673,244,0.15,0.05,1299,972,0.33,0.25,5235,4782,0.37,0.34,2025,1499,0.18,0.13,2626,1941,0.31,0.23,1289,1093,0.13,0.11,1884,1247,0.32,0.21,323,254,0.12,0.09,419,395,0.12,0.12,176,104,0.11,0.06,439,412,0.1,0.1,490,357,0.17,0.12,335842,328438,0.74,0.73,5225,4682,0.98,0.88,156,174,0.27,0.3,7317,5479,0.29,0.22,328,576,0.14,0.25,897,934,0.27,0.28
64,1225,1265,0.19,0.2,2060,1565,0.46,0.35,8150,7820,0.44,0.42,4110,4120,0.26,0.26,3340,2545,0.34,0.26,3315,3525,0.22,0.24,4215,3485,0.68,0.56,835,660,0.28,0.22,665,570,0.14,0.12,460,350,0.18,0.14,610,485,0.12,0.09,930,695,0.2,0.15,278520,270355,0.63,0.61,4220,3845,0.83,0.76,200,195,0.3,0.29,115,140,0.11,0.14,10385,7980,0.28,0.22,595,990,0.18,0.3,3380,3245,0.37,0.35,591,240,0.13,0.05,1077,839,0.27,0.21,4548,4178,0.32,0.3,1838,1318,0.16,0.12,2298,1774,0.27,0.21,1248,944,0.13,0.1,1912,1252,0.32,0.21,336,199,0.12,0.07,442,363,0.13,0.11,163,144,0.1,0.09,403,420,0.09,0.1,492,366,0.17,0.13,341210,332544,0.76,0.74,5201,4718,0.98,0.89,154,166,0.27,0.29,6978,5328,0.28,0.21,300,444,0.13,0.19,842,799,0.25,0.24
65,1060,1170,0.16,0.18,1945,1475,0.44,0.33,7800,7620,0.42,0.41,3860,3790,0.24,0.24,3135,2335,0.32,0.24,2825,2820,0.19,0.19,3740,3035,0.6,0.49,550,455,0.18,0.15,565,530,0.12,0.11,410,335,0.16,0.13,485,445,0.09,0.09,790,605,0.17,0.13,267615,258805,0.6,0.58,4120,3850,0.81,0.76,175,210,0.26,0.31,110,120,0.11,0.12,9675,7495,0.26,0.2,565,885,0.17,0.27,3215,3085,0.35,0.33,541,266,0.12,0.06,823,682,0.21,0.17,4234,3731,0.3,0.26,1646,1174,0.15,0.1,1966,1446,0.24,0.17,1296,868,0.13,0.09,1919,1173,0.32,0.2,320,226,0.11,0.08,316,314,0.09,0.09,178,162,0.11,0.1,345,377,0.08,0.09,491,434,0.17,0.15,259402,251156,0.57,0.56,5067,4580,0.95,0.86,151,142,0.26,0.25,5677,4411,0.23,0.18,269,485,0.12,0.21,741,695,0.22,0.21
66,1080,1050,0.17,0.16,1835,1370,0.41,0.31,7695,7570,0.41,0.41,3785,3485,0.24,0.22,3100,2255,0.32,0.23,2735,2680,0.18,0.18,3300,2525,0.53,0.41,510,370,0.17,0.12,540,460,0.11,0.09,320,280,0.13,0.11,440,370,0.09,0.07,750,555,0.16,0.12,263670,252105,0.59,0.57,4075,3785,0.8,0.75,150,150,0.22,0.22,120,130,0.12,0.13,8915,6640,0.24,0.18,545,890,0.16,0.27,3145,2915,0.34,0.32,500,314,0.11,0.07,743,645,0.19,0.16,3893,3499,0.28,0.25,1590,1314,0.14,0.12,1687,1488,0.2,0.18,1206,828,0.12,0.08,2171,1329,0.36,0.22,307,207,0.11,0.07,335,350,0.1,0.1,192,170,0.12,0.1,426,403,0.1,0.09,471,360,0.16,0.12,276515,266807,0.61,0.59,4914,4522,0.93,0.85,149,156,0.26,0.27,5637,4214,0.23,0.17,259,394,0.11,0.17,726,673,0.22,0.2
67,1060,800,0.16,0.12,1860,1305,0.42,0.29,7100,7150,0.38,0.38,3355,3550,0.21,0.22,2940,2075,0.3,0.21,2210,2025,0.15,0.14,2875,2230,0.46,0.36,455,370,0.15,0.12,505,460,0.1,0.09,310,250,0.12,0.1,385,325,0.08,0.06,655,505,0.14,0.11,267265,255070,0.6,0.58,4230,3690,0.83,0.73,185,180,0.27,0.27,85,100,0.08,0.1,8275,5930,0.23,0.16,495,760,0.15,0.23,2810,2590,0.3,0.28,539,381,0.12,0.09,663,590,0.17,0.15,3969,3465,0.28,0.25,1379,1270,0.12,0.11,1608,1409,0.19,0.17,1053,689,0.11,0.07,2391,1706,0.4,0.29,323,206,0.12,0.07,314,275,0.09,0.08,104,99,0.06,0.06,407,346,0.1,0.08,381,334,0.13,0.12,258183,247625,0.57,0.55,4845,4537,0.91,0.85,111,144,0.19,0.25,5386,3953,0.22,0.16,221,363,0.1,0.16,684,611,0.21,0.18
68,1275,715,0.2,0.11,1645,1175,0.37,0.26,6930,6910,0.37,0.37,3245,3830,0.2,0.24,2805,1955,0.29,0.2,2135,1960,0.14,0.13,2550,1930,0.41,0.31,445,290,0.15,0.1,450,420,0.09,0.09,280,235,0.11,0.09,370,285,0.07,0.06,610,465,0.13,0.1,259560,245335,0.59,0.55,4315,3560,0.85,0.7,145,155,0.21,0.23,70,85,0.07,0.08,7875,5625,0.21,0.15,435,710,0.13,0.21,2840,2490,0.31,0.27,563,498,0.13,0.11,583,546,0.15,0.14,3932,3563,0.28,0.25,1457,1653,0.13,0.15,1554,1272,0.19,0.15,1165,801,0.12,0.08,2556,1967,0.43,0.33,352,244,0.13,0.09,320,271,0.09,0.08,127,90,0.08,0.05,341,345,0.08,0.08,308,281,0.11,0.1,245323,231839,0.54,0.51,5078,4452,0.96,0.84,119,127,0.21,0.22,4676,3680,0.19,0.15,183,325,0.08,0.14,549,577,0.16,0.17
69,1105,470,0.17,0.07,1605,1100,0.36,0.25,6620,6180,0.36,0.33,2650,3290,0.17,0.21,2555,1915,0.26,0.2,1595,1350,0.11,0.09,2310,1745,0.37,0.28,370,290,0.12,0.1,425,395,0.09,0.08,250,175,0.1,0.07,310,295,0.06,0.06,545,405,0.12,0.09,257360,242345,0.58,0.55,4050,3655,0.8,0.72,155,140,0.23,0.21,85,100,0.08,0.1,7680,5180,0.21,0.14,380,675,0.11,0.2,2535,2335,0.27,0.25,540,493,0.12,0.11,584,534,0.15,0.14,3631,3345,0.26,0.24,1377,1467,0.12,0.13,1347,1088,0.16,0.13,850,592,0.09,0.06,2602,2133,0.44,0.36,312,240,0.11,0.09,285,306,0.08,0.09,89,72,0.05,0.04,349,286,0.08,0.07,260,260,0.09,0.09,213848,199419,0.47,0.44,4648,4102,0.88,0.77,77,105,0.13,0.18,4662,3303,0.19,0.13,190,277,0.08,0.12,579,530,0.17,0.16
70,1065,335,0.17,0.05,1420,1005,0.32,0.23,6385,5865,0.34,0.31,2565,2530,0.16,0.16,2655,1745,0.27,0.18,1755,1580,0.12,0.11,2150,1495,0.35,0.24,355,240,0.12,0.08,395,350,0.08,0.07,220,150,0.09,0.06,350,230,0.07,0.04,520,390,0.11,0.08,259315,243305,0.58,0.55,4170,3685,0.82,0.73,145,155,0.21,0.23,80,75,0.08,0.07,7190,4895,0.2,0.13,390,710,0.12,0.21,2455,2190,0.27,0.24,668,707,0.15,0.16,570,570,0.14,0.14,3558,3455,0.25,0.24,1460,1731,0.13,0.15,1333,1120,0.16,0.13,1007,766,0.1,0.08,2679,2278,0.45,0.38,329,210,0.12,0.07,269,254,0.08,0.07,95,77,0.06,0.05,332,337,0.08,0.08,300,231,0.1,0.08,205809,188938,0.46,0.42,4615,4113,0.87,0.77,106,120,0.18,0.21,4405,3387,0.18,0.14,177,265,0.08,0.11,566,496,0.17,0.15
71,865,275,0.13,0.04,1405,920,0.32,0.21,6035,5260,0.32,0.28,2295,2020,0.14,0.13,2650,1710,0.27,0.18,1635,1320,0.11,0.09,1920,1270,0.31,0.2,305,210,0.1,0.07,395,320,0.08,0.07,180,145,0.07,0.06,310,240,0.06,0.05,510,350,0.11,0.07,267915,249155,0.6,0.56,4245,3600,0.84,0.71,195,125,0.29,0.18,70,75,0.07,0.07,6875,4635,0.19,0.13,385,595,0.12,0.18,2420,1990,0.26,0.22,646,710,0.14,0.16,613,585,0.16,0.15,3717,3521,0.26,0.25,1515,1897,0.13,0.17,1166,1131,0.14,0.14,1058,823,0.11,0.08,2642,2439,0.44,0.41,327,276,0.12,0.1,215,260,0.06,0.08,108,67,0.07,0.04,345,334,0.08,0.08,284,234,0.1,0.08,215171,195813,0.48,0.43,4645,4076,0.87,0.77,102,103,0.18,0.18,4603,3455,0.19,0.14,186,284,0.08,0.12,543,502,0.16,0.15
72,665,225,0.1,0.03,1285,870,0.29,0.2,5520,4785,0.3,0.26,2105,1550,0.13,0.1,2285,1530,0.23,0.16,1430,1145,0.1,0.08,1810,1020,0.29,0.16,350,195,0.12,0.07,385,310,0.08,0.06,160,125,0.06,0.05,285,235,0.06,0.05,445,335,0.1,0.07,274755,255500,0.62,0.58,4365,3730,0.86,0.74,125,130,0.18,0.19,70,70,0.07,0.07,6730,4510,0.18,0.12,330,535,0.1,0.16,2070,1785,0.22,0.19,559,638,0.12,0.14,570,589,0.14,0.15,3443,3417,0.24,0.24,1439,1657,0.13,0.15,1085,976,0.13,0.12,884,753,0.09,0.08,2755,2456,0.46,0.41,268,234,0.1,0.08,227,228,0.07,0.07,67,65,0.04,0.04,292,317,0.07,0.07,256,242,0.09,0.08,212520,191411,0.47,0.42,4612,3924,0.87,0.74,92,108,0.16,0.19,4323,3014,0.17,0.12,158,246,0.07,0.11,527,460,0.16,0.14
73,650,210,0.1,0.03,1155,810,0.26,0.18,5060,4225,0.27,0.23,2010,1435,0.13,0.09,2185,1505,0.22,0.15,1320,920,0.09,0.06,1645,1020,0.26,0.16,280,165,0.09,0.06,370,315,0.08,0.06,165,100,0.07,0.04,290,190,0.06,0.04,500,270,0.11,0.06,302245,278555,0.68,0.63,4570,3685,0.9,0.73,155,140,0.23,0.21,60,75,0.06,0.07,6335,4305,0.17,0.12,340,495,0.1,0.15,1870,1740,0.2,0.19,446,707,0.1,0.16,595,556,0.15,0.14,3176,3076,0.22,0.22,1385,1663,0.12,0.15,1057,921,0.13,0.11,667,642,0.07,0.06,2614,2439,0.44,0.41,248,201,0.09,0.07,192,214,0.06,0.06,52,65,0.03,0.04,328,358,0.08,0.08,256,207,0.09,0.07,206535,184707,0.46,0.41,4552,3778,0.86,0.71,100,81,0.17,0.14,4050,2871,0.16,0.12,145,243,0.06,0.11,424,394,0.13,0.12
74,545,185,0.08,0.03,990,670,0.22,0.15,4350,3700,0.23,0.2,1765,1200,0.11,0.08,1895,1370,0.19,0.14,1225,755,0.08,0.05,1675,940,0.27,0.15,250,150,0.08,0.05,305,300,0.06,0.06,135,85,0.05,0.03,225,225,0.04,0.04,410,275,0.09,0.06,301540,276010,0.68,0.62,4365,3535,0.86,0.7,150,115,0.22,0.17,60,60,0.06,0.06,5985,4160,0.16,0.11,310,385,0.09,0.12,1715,1500,0.19,0.16,421,715,0.09,0.16,531,509,0.14,0.13,2983,3027,0.21,0.21,1327,1689,0.12,0.15,981,816,0.12,0.1,646,624,0.07,0.06,2511,2272,0.42,0.38,308,234,0.11,0.08,193,201,0.06,0.06,94,72,0.06,0.04,334,352,0.08,0.08,243,185,0.08,0.06,199256,175335,0.44,0.39,4583,3563,0.86,0.67,75,70,0.13,0.12,4070,2782,0.16,0.11,165,196,0.07,0.08,431,392,0.13,0.12
75,520,210,0.08,0.03,710,550,0.16,0.12,3965,3225,0.21,0.17,1620,1060,0.1,0.07,1515,1090,0.16,0.11,1195,695,0.08,0.05,1630,910,0.26,0.15,260,170,0.09,0.06,275,260,0.06,0.05,155,140,0.06,0.06,255,180,0.05,0.04,420,340,0.09,0.07,225020,203780,0.51,0.46,4195,3330,0.83,0.66,105,100,0.16,0.15,40,60,0.04,0.06,4735,3310,0.13,0.09,255,440,0.08,0.13,1555,1270,0.17,0.14,423,572,0.09,0.13,470,476,0.12,0.12,2723,2868,0.19,0.2,1282,1580,0.11,0.14,815,786,0.1,0.09,549,582,0.06,0.06,2469,2238,0.42,0.38,281,229,0.1,0.08,206,193,0.06,0.06,65,64,0.04,0.04,305,341,0.07,0.08,235,160,0.08,0.06,191512,164672,0.42,0.36,4372,3375,0.82,0.64,84,72,0.15,0.12,3843,2490,0.15,0.1,175,200,0.08,0.09,402,351,0.12,0.11
76,435,220,0.07,0.03,640,550,0.14,0.12,3600,2985,0.19,0.16,1470,1150,0.09,0.07,1420,1170,0.15,0.12,1105,645,0.07,0.04,1800,980,0.29,0.16,260,165,0.09,0.06,225,220,0.05,0.05,165,95,0.07,0.04,245,220,0.05,0.04,380,290,0.08,0.06,238525,213210,0.54,0.48,4045,3215,0.8,0.63,105,105,0.16,0.16,40,50,0.04,0.05,4680,3070,0.13,0.08,235,340,0.07,0.1,1430,1255,0.15,0.14,355,464,0.08,0.1,446,453,0.11,0.12,2623,2394,0.19,0.17,1213,1304,0.11,0.12,809,747,0.1,0.09,471,510,0.05,0.05,2379,2054,0.4,0.35,209,216,0.07,0.08,187,193,0.05,0.06,53,47,0.03,0.03,276,276,0.06,0.06,223,180,0.08,0.06,184198,156783,0.41,0.35,4170,3179,0.79,0.6,74,66,0.13,0.11,3469,2226,0.14,0.09,158,196,0.07,0.08,356,302,0.11,0.09
77,490,255,0.08,0.04,540,445,0.12,0.1,3635,2860,0.19,0.15,1300,1175,0.08,0.07,1240,1100,0.13,0.11,940,515,0.06,0.03,2060,1295,0.33,0.21,265,165,0.09,0.06,240,225,0.05,0.05,90,70,0.04,0.03,215,190,0.04,0.04,335,215,0.07,0.05,217485,192130,0.49,0.43,3875,3150,0.76,0.62,100,90,0.15,0.13,30,55,0.03,0.05,4300,2825,0.12,0.08,180,290,0.05,0.09,1255,1135,0.14,0.12,309,358,0.07,0.08,431,397,0.11,0.1,2343,2380,0.17,0.17,1106,1075,0.1,0.1,733,609,0.09,0.07,406,358,0.04,0.04,1961,1942,0.33,0.33,204,172,0.07,0.06,174,182,0.05,0.05,47,45,0.03,0.03,277,296,0.06,0.07,183,163,0.06,0.06,174393,144031,0.39,0.32,3946,2972,0.74,0.56,61,58,0.11,0.1,3305,2055,0.13,0.08,102,152,0.04,0.07,326,286,0.1,0.09
78,515,330,0.08,0.05,495,405,0.11,0.09,3525,2845,0.19,0.15,1240,1380,0.08,0.09,1120,930,0.12,0.1,1070,585,0.07,0.04,2155,1410,0.35,0.23,295,200,0.1,0.07,185,185,0.04,0.04,115,50,0.05,0.02,215,175,0.04,0.03,240,195,0.05,0.04,202320,174985,0.46,0.39,3870,2915,0.76,0.57,85,85,0.13,0.13,40,35,0.04,0.03,3810,2555,0.1,0.07,170,275,0.05,0.08,1210,945,0.13,0.1,248,382,0.06,0.09,407,332,0.1,0.08,2218,2104,0.16,0.15,937,1007,0.08,0.09,664,584,0.08,0.07,341,332,0.03,0.03,1917,1844,0.32,0.31,183,148,0.07,0.05,179,194,0.05,0.06,57,33,0.03,0.02,275,248,0.06,0.06,194,148,0.07,0.05,172588,138864,0.38,0.31,3662,2647,0.69,0.5,67,51,0.12,0.09,3203,1895,0.13,0.08,139,146,0.06,0.06,321,278,0.1,0.08
79,435,315,0.07,0.05,485,405,0.11,0.09,3180,2645,0.17,0.14,1160,1145,0.07,0.07,1005,760,0.1,0.08,850,415,0.06,0.03,2165,1550,0.35,0.25,240,165,0.08,0.06,200,175,0.04,0.04,60,50,0.02,0.02,170,170,0.03,0.03,250,175,0.05,0.04,172260,145070,0.39,0.33,3535,2660,0.7,0.52,65,65,0.1,0.1,35,25,0.03,0.02,3550,2245,0.1,0.06,165,220,0.05,0.07,1080,910,0.12,0.1,172,358,0.04,0.08,345,283,0.09,0.07,1938,1935,0.14,0.14,777,889,0.07,0.08,591,483,0.07,0.06,298,244,0.03,0.02,1683,1573,0.28,0.26,143,138,0.05,0.05,173,135,0.05,0.04,42,34,0.03,0.02,236,211,0.06,0.05,168,118,0.06,0.04,169514,131980,0.38,0.29,3425,2468,0.64,0.46,51,45,0.09,0.08,3102,1804,0.12,0.07,79,143,0.03,0.06,326,249,0.1,0.07
80,515,405,0.08,0.06,430,420,0.1,0.09,2965,2690,0.16,0.14,1240,1285,0.08,0.08,970,725,0.1,0.07,860,550,0.06,0.04,2140,1495,0.34,0.24,285,145,0.1,0.05,155,160,0.03,0.03,60,40,0.02,0.02,135,150,0.03,0.03,260,165,0.06,0.04,161670,132850,0.36,0.3,3300,2400,0.65,0.47,75,65,0.11,0.1,20,30,0.02,0.03,3555,2235,0.1,0.06,145,200,0.04,0.06,1015,840,0.11,0.09,198,308,0.04,0.07,329,265,0.08,0.07,1899,1638,0.13,0.12,810,815,0.07,0.07,576,484,0.07,0.06,267,219,0.03,0.02,1590,1498,0.27,0.25,160,96,0.06,0.03,140,136,0.04,0.04,48,41,0.03,0.02,212,225,0.05,0.05,175,109,0.06,0.04,166926,125432,0.37,0.28,3399,2107,0.64,0.4,60,47,0.1,0.08,3193,1738,0.13,0.07,94,153,0.04,0.07,289,281,0.09,0.08
81,470,435,0.07,0.07,490,435,0.11,0.1,2990,2570,0.16,0.14,1250,1320,0.08,0.08,845,740,0.09,0.08,885,570,0.06,0.04,2075,1665,0.33,0.27,255,175,0.09,0.06,155,180,0.03,0.04,75,45,0.03,0.02,160,145,0.03,0.03,215,130,0.05,0.03,164265,132505,0.37,0.3,3255,2345,0.64,0.46,70,60,0.1,0.09,25,30,0.02,0.03,3600,2045,0.1,0.06,180,175,0.05,0.05,1000,830,0.11,0.09,148,272,0.03,0.06,284,236,0.07,0.06,1642,1374,0.12,0.1,716,713,0.06,0.06,478,362,0.06,0.04,262,178,0.03,0.02,1432,1264,0.24,0.21,135,102,0.05,0.04,133,128,0.04,0.04,46,28,0.03,0.02,190,227,0.04,0.05,153,93,0.05,0.03,156124,112710,0.35,0.25,3093,1938,0.58,0.36,37,30,0.06,0.05,3170,1620,0.13,0.07,69,134,0.03,0.06,276,226,0.08,0.07
82,405,385,0.06,0.06,475,345,0.11,0.08,2830,2350,0.15,0.13,1045,1165,0.07,0.07,695,605,0.07,0.06,665,460,0.04,0.03,2130,1595,0.34,0.26,180,165,0.06,0.06,150,135,0.03,0.03,55,35,0.02,0.01,155,135,0.03,0.03,190,125,0.04,0.03,157420,124260,0.35,0.28,3155,2135,0.62,0.42,50,60,0.07,0.09,30,20,0.03,0.02,3160,1880,0.09,0.05,120,160,0.04,0.05,895,715,0.1,0.08,103,146,0.02,0.03,277,166,0.07,0.04,1303,1128,0.09,0.08,477,489,0.04,0.04,417,292,0.05,0.03,178,164,0.02,0.02,1227,1103,0.21,0.19,88,78,0.03,0.03,121,116,0.04,0.03,48,29,0.03,0.02,189,196,0.04,0.05,125,97,0.04,0.03,145676,102009,0.32,0.23,2909,1629,0.55,0.31,24,23,0.04,0.04,2984,1502,0.12,0.06,69,81,0.03,0.04,253,185,0.08,0.06
83,325,365,0.05,0.06,415,330,0.09,0.07,2445,2070,0.13,0.11,940,1140,0.06,0.07,630,500,0.06,0.05,525,360,0.04,0.02,2015,1415,0.32,0.23,190,165,0.06,0.06,145,120,0.03,0.02,40,45,0.02,0.02,145,135,0.03,0.03,175,110,0.04,0.02,147445,113655,0.33,0.26,3040,1945,0.6,0.38,50,55,0.07,0.08,35,20,0.03,0.02,2830,1660,0.08,0.05,95,150,0.03,0.05,760,570,0.08,0.06,74,157,0.02,0.04,178,169,0.05,0.04,1215,945,0.09,0.07,416,418,0.04,0.04,330,290,0.04,0.03,137,106,0.01,0.01,1000,841,0.17,0.14,68,54,0.02,0.02,112,88,0.03,0.03,31,23,0.02,0.01,179,167,0.04,0.04,113,72,0.04,0.02,134068,90369,0.3,0.2,2591,1533,0.49,0.29,29,22,0.05,0.04,2876,1480,0.12,0.06,70,70,0.03,0.03,207,149,0.06,0.04
84,280,335,0.04,0.05,375,290,0.08,0.07,2155,1890,0.12,0.1,860,1015,0.05,0.06,550,430,0.06,0.04,500,340,0.03,0.02,1895,1310,0.3,0.21,155,130,0.05,0.04,115,105,0.02,0.02,40,35,0.02,0.01,125,110,0.02,0.02,145,115,0.03,0.02,136140,102075,0.31,0.23,2845,1775,0.56,0.35,40,40,0.06,0.06,25,15,0.02,0.01,2830,1550,0.08,0.04,105,130,0.03,0.04,765,545,0.08,0.06,44,123,0.01,0.03,193,132,0.05,0.03,974,776,0.07,0.05,313,409,0.03,0.04,314,195,0.04,0.02,116,113,0.01,0.01,835,787,0.14,0.13,76,62,0.03,0.02,115,83,0.03,0.02,28,19,0.02,0.01,192,155,0.04,0.04,120,76,0.04,0.03,127755,82732,0.28,0.18,2402,1217,0.45,0.23,28,19,0.05,0.03,2802,1833,0.11,0.07,45,60,0.02,0.03,200,134,0.06,0.04
85,255,265,0.04,0.04,335,250,0.08,0.06,1860,1665,0.1,0.09,865,920,0.05,0.06,450,360,0.05,0.04,385,315,0.03,0.02,1740,1230,0.28,0.2,130,95,0.04,0.03,140,85,0.03,0.02,45,25,0.02,0.01,115,120,0.02,0.02,170,80,0.04,0.02,123585,89180,0.28,0.2,2615,1470,0.52,0.29,45,30,0.07,0.04,25,15,0.02,0.01,2595,1255,0.07,0.03,110,105,0.03,0.03,660,455,0.07,0.05,55,54,0.01,0.01,190,117,0.05,0.03,903,658,0.06,0.05,269,308,0.02,0.03,298,192,0.04,0.02,102,82,0.01,0.01,720,613,0.12,0.1,52,51,0.02,0.02,120,73,0.04,0.02,26,10,0.02,0.01,156,151,0.04,0.04,83,72,0.03,0.02,118223,72625,0.26,0.16,2081,1105,0.39,0.21,16,17,0.03,0.03,2590,1755,0.1,0.07,41,48,0.02,0.02,142,132,0.04,0.04
86,210,195,0.03,0.03,250,210,0.06,0.05,1655,1350,0.09,0.07,750,735,0.05,0.05,465,315,0.05,0.03,330,255,0.02,0.02,1585,1120,0.25,0.18,125,75,0.04,0.03,100,85,0.02,0.02,40,15,0.02,0.01,155,75,0.03,0.01,135,95,0.03,0.02,111245,78400,0.25,0.18,2325,1245,0.46,0.25,45,20,0.07,0.03,20,15,0.02,0.01,2210,1145,0.06,0.03,85,105,0.03,0.03,585,365,0.06,0.04,47,57,0.01,0.01,166,103,0.04,0.03,770,577,0.05,0.04,233,231,0.02,0.02,237,128,0.03,0.02,80,75,0.01,0.01,642,486,0.11,0.08,52,41,0.02,0.01,94,72,0.03,0.02,20,11,0.01,0.01,110,75,0.03,0.02,89,42,0.03,0.01,108416,62027,0.24,0.14,1905,892,0.36,0.17,29,17,0.05,0.03,2394,1567,0.1,0.06,42,45,0.02,0.02,173,113,0.05,0.03
87,195,130,0.03,0.02,235,180,0.05,0.04,1395,1225,0.07,0.07,655,565,0.04,0.04,335,250,0.03,0.03,270,180,0.02,0.01,1240,925,0.2,0.15,90,75,0.03,0.03,95,65,0.02,0.01,30,20,0.01,0.01,105,85,0.02,0.02,120,85,0.03,0.02,99055,66520,0.22,0.15,2005,1060,0.4,0.21,35,25,0.05,0.04,20,20,0.02,0.02,1880,920,0.05,0.03,50,75,0.02,0.02,540,335,0.06,0.04,41,26,0.01,0.01,125,73,0.03,0.02,649,446,0.05,0.03,189,184,0.02,0.02,180,110,0.02,0.01,42,60,0,0.01,448,442,0.08,0.07,33,28,0.01,0.01,71,69,0.02,0.02,17,8,0.01,0,106,93,0.02,0.02,86,63,0.03,0.02,100178,53545,0.22,0.12,1702,769,0.32,0.14,16,13,0.03,0.02,1993,1230,0.08,0.05,25,32,0.01,0.01,121,91,0.04,0.03
88,125,130,0.02,0.02,185,135,0.04,0.03,1195,1030,0.06,0.06,540,495,0.03,0.03,305,235,0.03,0.02,210,135,0.01,0.01,1070,760,0.17,0.12,70,80,0.02,0.03,90,55,0.02,0.01,35,15,0.01,0.01,95,55,0.02,0.01,100,50,0.02,0.01,90275,57835,0.2,0.13,1710,850,0.34,0.17,30,30,0.04,0.04,15,0,0.01,0,1780,805,0.05,0.02,70,90,0.02,0.03,455,305,0.05,0.03,21,25,0,0.01,103,60,0.03,0.02,553,396,0.04,0.03,108,142,0.01,0.01,151,102,0.02,0.01,60,66,0.01,0.01,404,336,0.07,0.06,31,22,0.01,0.01,72,59,0.02,0.02,12,6,0.01,0,113,77,0.03,0.02,61,39,0.02,0.01,91220,45381,0.2,0.1,1316,624,0.25,0.12,21,4,0.04,0.01,1580,1038,0.06,0.04,26,33,0.01,0.01,120,74,0.04,0.02
89,80,125,0.01,0.02,185,100,0.04,0.02,950,810,0.05,0.04,405,375,0.03,0.02,215,175,0.02,0.02,150,95,0.01,0.01,885,640,0.14,0.1,75,50,0.03,0.02,60,35,0.01,0.01,25,10,0.01,0,80,50,0.02,0.01,80,30,0.02,0.01,80745,49145,0.18,0.11,1410,680,0.28,0.13,20,15,0.03,0.02,10,0,0.01,0,1585,650,0.04,0.02,55,55,0.02,0.02,350,235,0.04,0.03,24,29,0.01,0.01,92,33,0.02,0.01,435,311,0.03,0.02,77,164,0.01,0.01,124,87,0.01,0.01,40,25,0,0,278,228,0.05,0.04,25,14,0.01,0,63,39,0.02,0.01,17,14,0.01,0.01,75,54,0.02,0.01,49,25,0.02,0.01,85324,40149,0.19,0.09,1110,447,0.21,0.08,17,8,0.03,0.01,1379,791,0.06,0.03,16,20,0.01,0.01,84,56,0.03,0.02
90,85,85,0.01,0.01,130,90,0.03,0.02,830,625,0.04,0.03,365,290,0.02,0.02,235,140,0.02,0.01,240,80,0.02,0.01,800,530,0.13,0.09,50,40,0.02,0.01,70,35,0.01,0.01,20,15,0.01,0.01,80,45,0.02,0.01,75,30,0.02,0.01,71830,40825,0.16,0.09,1295,530,0.26,0.1,20,15,0.03,0.02,15,0,0.01,0,1420,615,0.04,0.02,50,45,0.02,0.01,355,200,0.04,0.02,27,19,0.01,0,67,31,0.02,0.01,385,213,0.03,0.02,113,97,0.01,0.01,92,73,0.01,0.01,31,30,0,0,245,157,0.04,0.03,27,29,0.01,0.01,45,36,0.01,0.01,13,4,0.01,0,75,41,0.02,0.01,38,22,0.01,0.01,77710,33838,0.17,0.07,940,384,0.18,0.07,18,8,0.03,0.01,1108,649,0.04,0.03,20,28,0.01,0.01,66,40,0.02,0.01
91,65,65,0.01,0.01,100,70,0.02,0.02,640,505,0.03,0.03,330,260,0.02,0.02,190,90,0.02,0.01,165,70,0.01,0,600,390,0.1,0.06,50,30,0.02,0.01,70,30,0.01,0.01,20,0,0.01,0,60,50,0.01,0.01,65,30,0.01,0.01,59530,31730,0.13,0.07,1015,410,0.2,0.08,15,10,0.02,0.01,0,0,0,0,1340,445,0.04,0.01,40,40,0.01,0.01,265,155,0.03,0.02,9,17,0,0,61,26,0.02,0.01,260,185,0.02,0.01,84,61,0.01,0.01,84,54,0.01,0.01,38,21,0,0,178,166,0.03,0.03,14,18,0,0.01,33,20,0.01,0.01,14,6,0.01,0,57,45,0.01,0.01,31,19,0.01,0.01,59590,23949,0.13,0.05,784,278,0.15,0.05,10,8,0.02,0.01,804,472,0.03,0.02,19,18,0.01,0.01,54,28,0.02,0.01
92,35,40,0.01,0.01,95,40,0.02,0.01,470,325,0.03,0.02,180,150,0.01,0.01,125,70,0.01,0.01,75,50,0.01,0,495,295,0.08,0.05,35,20,0.01,0.01,50,25,0.01,0.01,15,10,0.01,0,60,20,0.01,0,55,20,0.01,0,48875,24620,0.11,0.06,885,330,0.17,0.07,0,0,0,0,0,0,0,0,1115,405,0.03,0.01,25,20,0.01,0.01,210,125,0.02,0.01,6,9,0,0,32,17,0.01,0,193,125,0.01,0.01,46,45,0,0,47,27,0.01,0,17,16,0,0,127,100,0.02,0.02,11,5,0,0,27,13,0.01,0,4,0,0,0,44,15,0.01,0,17,11,0.01,0,36881,13509,0.08,0.03,574,180,0.11,0.03,5,3,0.01,0.01,497,263,0.02,0.01,8,9,0,0,33,23,0.01,0.01
93,20,30,0,0,60,65,0.01,0.01,375,235,0.02,0.01,150,125,0.01,0.01,90,60,0.01,0.01,65,25,0,0,375,200,0.06,0.03,30,0,0.01,0,30,15,0.01,0,15,0,0.01,0,50,30,0.01,0.01,40,15,0.01,0,38845,18230,0.09,0.04,655,265,0.13,0.05,10,0,0.01,0,0,0,0,0,930,315,0.03,0.01,25,15,0.01,0,165,85,0.02,0.01,8,6,0,0,35,13,0.01,0,153,85,0.01,0.01,53,27,0,0,42,22,0.01,0,16,13,0,0,100,69,0.02,0.01,11,2,0,0,28,13,0.01,0,2,5,0,0,48,19,0.01,0,9,5,0,0,28393,9716,0.06,0.02,437,117,0.08,0.02,2,2,0,0,347,159,0.01,0.01,5,7,0,0,30,14,0.01,0
94,10,40,0,0.01,55,25,0.01,0.01,255,175,0.01,0.01,105,75,0.01,0,80,35,0.01,0,70,20,0,0,270,165,0.04,0.03,25,10,0.01,0,40,20,0.01,0,10,0,0,0,45,20,0.01,0,25,20,0.01,0,31010,13755,0.07,0.03,530,155,0.1,0.03,0,0,0,0,0,0,0,0,800,325,0.02,0.01,10,10,0,0,125,70,0.01,0.01,9,4,0,0,28,12,0.01,0,123,75,0.01,0.01,29,12,0,0,21,22,0,0,8,13,0,0,73,60,0.01,0.01,12,4,0,0,20,12,0.01,0,4,3,0,0,24,7,0.01,0,9,4,0,0,26429,8357,0.06,0.02,337,75,0.06,0.01,4,2,0.01,0,280,148,0.01,0.01,5,7,0,0,23,14,0.01,0
95,15,0,0,0,35,20,0.01,0,230,115,0.01,0.01,70,55,0,0,55,25,0.01,0,25,15,0,0,230,100,0.04,0.02,15,0,0.01,0,25,10,0.01,0,0,0,0,0,30,0,0.01,0,25,0,0.01,0,23830,9710,0.05,0.02,360,85,0.07,0.02,0,0,0,0,0,0,0,0,610,250,0.02,0.01,10,0,0,0,95,45,0.01,0,3,2,0,0,19,7,0,0,82,47,0.01,0,28,17,0,0,22,16,0,0,12,6,0,0,56,30,0.01,0.01,7,3,0,0,17,9,0,0,2,2,0,0,25,11,0.01,0,13,7,0,0,20701,6096,0.05,0.01,227,66,0.04,0.01,0,3,0,0.01,252,125,0.01,0.01,4,6,0,0,28,21,0.01,0.01
96,15,10,0,0,35,20,0.01,0,165,85,0.01,0,50,40,0,0,45,20,0,0,15,15,0,0,160,100,0.03,0.02,15,0,0.01,0,20,0,0,0,0,0,0,0,25,0,0,0,30,10,0.01,0,18235,6515,0.04,0.01,255,60,0.05,0.01,0,0,0,0,0,0,0,0,480,185,0.01,0.01,10,0,0,0,80,35,0.01,0,5,4,0,0,5,7,0,0,71,35,0.01,0,24,15,0,0,22,8,0,0,13,4,0,0,47,35,0.01,0.01,3,3,0,0,12,8,0,0,1,1,0,0,9,11,0,0,4,10,0,0,16772,4601,0.04,0.01,196,42,0.04,0.01,0,0,0,0,229,102,0.01,0,1,4,0,0,15,5,0,0
97,10,0,0,0,35,15,0.01,0,125,50,0.01,0,45,30,0,0,25,15,0,0,10,0,0,0,90,65,0.01,0.01,0,0,0,0,10,0,0,0,0,0,0,0,15,0,0,0,0,0,0,0,13290,4365,0.03,0.01,190,45,0.04,0.01,0,0,0,0,0,0,0,0,305,110,0.01,0,0,0,0,0,60,25,0.01,0,4,2,0,0,15,10,0,0,61,28,0,0,19,12,0,0,12,6,0,0,3,7,0,0,27,17,0,0,6,2,0,0,8,3,0,0,0,0,0,0,20,4,0,0,8,3,0,0,12296,2986,0.03,0.01,126,40,0.02,0.01,1,4,0,0.01,146,62,0.01,0,1,5,0,0,9,6,0,0
98,0,0,0,0,15,0,0,0,90,40,0,0,20,20,0,0,10,15,0,0,15,10,0,0,60,35,0.01,0.01,0,0,0,0,10,0,0,0,0,0,0,0,20,0,0,0,10,0,0,0,9645,2930,0.02,0.01,115,30,0.02,0.01,0,0,0,0,0,0,0,0,210,65,0.01,0,0,0,0,0,30,15,0,0,1,1,0,0,5,3,0,0,31,23,0,0,17,3,0,0,11,3,0,0,9,3,0,0,24,8,0,0,2,8,0,0,4,0,0,0,0,1,0,0,14,3,0,0,5,9,0,0,8464,2025,0.02,0,79,24,0.01,0,2,0,0,0,115,55,0,0,4,2,0,0,11,7,0,0
99,0,0,0,0,10,0,0,0,55,10,0,0,25,15,0,0,15,0,0,0,15,0,0,0,35,20,0.01,0,0,0,0,0,0,0,0,0,0,0,0,0,0,0,0,0,0,0,0,0,7050,1980,0.02,0,75,10,0.01,0,0,0,0,0,0,0,0,0,140,50,0,0,0,0,0,0,30,20,0,0,1,1,0,0,8,8,0,0,28,14,0,0,14,9,0,0,8,4,0,0,5,6,0,0,13,6,0,0,2,1,0,0,5,1,0,0,1,1,0,0,9,4,0,0,1,2,0,0,5645,1151,0.01,0,35,16,0.01,0,4,4,0.01,0.01,84,42,0,0,0,0,0,0,8,4,0,0
100+,20,0,0,0,15,0,0,0,115,30,0.01,0,60,15,0,0,20,10,0,0,25,10,0,0,80,25,0.01,0,0,0,0,0,0,0,0,0,10,0,0,0,15,0,0,0,10,0,0,0,10545,2400,0.02,0.01,135,25,0.03,0,0,0,0,0,0,0,0,0,180,50,0,0,0,15,0,0,35,25,0,0,5,1,0,0,12,2,0,0,79,36,0.01,0,49,14,0,0,12,8,0,0,10,13,0,0,21,11,0,0,4,2,0,0,6,0,0,0,3,2,0,0,16,5,0,0,9,2,0,0,8863,1725,0.02,0,65,19,0.01,0,3,2,0.01,0,117,47,0,0,1,3,0,0,8,11,0,0